-0.22453,0.113338,1.64882,-0.396824,0.0171066,1.5803,-0.457137,0.167427,1.45847,0.146083,0.10246,1.63936,0.317762,-0.00911037,1.57482,0.403009,0.170008,1.48803
-0.22302,0.113057,1.65081,-0.396579,0.0172348,1.58309,-0.454832,0.169319,1.46524,0.146447,0.102334,1.63974,0.319953,-0.00830729,1.57593,0.403496,0.169676,1.49042
-0.21705,0.11219,1.65537,-0.402468,0.0125942,1.58337,-0.447664,0.18431,1.48157,0.147699,0.101908,1.64076,0.330986,-0.00693794,1.58167,0.404972,0.168995,1.4967
-0.209223,0.109918,1.6629,-0.403783,0.00995162,1.58929,-0.442663,0.191078,1.49571,0.159514,0.0985124,1.64961,0.345804,-0.00465542,1.58889,0.408724,0.168528,1.50657
-0.200515,0.108136,1.67029,-0.402606,0.00887069,1.59692,-0.436768,0.197385,1.50858,0.170076,0.0961198,1.65622,0.36278,-0.028238,1.59166,0.418718,0.176206,1.51946
-0.190733,0.105315,1.67716,-0.396359,0.00601247,1.6157,-0.428897,0.201707,1.52587,0.180068,0.094643,1.66166,0.368999,-0.0321988,1.59547,0.426124,0.179452,1.52849
-0.180834,0.103679,1.6858,-0.389655,0.00427751,1.6303,-0.422994,0.203439,1.5389,0.192943,0.0923615,1.66857,0.380859,-0.0360668,1.60178,0.434071,0.181284,1.53875
-0.171853,0.102984,1.69303,-0.379558,0.00368776,1.64489,-0.416316,0.205997,1.55134,0.195734,0.0920883,1.66992,0.393107,-0.0375785,1.608,0.443097,0.183004,1.54698
-0.163514,0.10158,1.70045,-0.370465,0.00236088,1.65735,-0.408786,0.206887,1.56345,0.214568,0.0892041,1.67909,0.41063,-0.00964768,1.62346,0.452371,0.184028,1.55436
-0.154178,0.102048,1.70721,-0.362539,0.00381727,1.66524,-0.401603,0.209502,1.57325,0.225173,0.0876469,1.68383,0.417384,-0.0259335,1.62525,0.460939,0.184719,1.55907
-0.144244,0.102709,1.71309,-0.355102,0.00493341,1.67233,-0.394929,0.211745,1.58215,0.234102,0.0869359,1.68731,0.419888,-0.0312492,1.62862,0.466465,0.184894,1.56222
-0.135702,0.102088,1.72083,-0.349456,0.00569369,1.67745,-0.388599,0.213968,1.58972,0.242404,0.0861425,1.69085,0.425726,-0.0339378,1.63056,0.473043,0.184825,1.5651
-0.133601,0.102324,1.72257,-0.344344,0.0064214,1.68195,-0.382621,0.215813,1.596,0.248911,0.0849063,1.69418,0.43094,-0.0358004,1.63186,0.479704,0.185285,1.56684
-0.124423,0.101318,1.73134,-0.33803,0.00684703,1.68762,-0.377198,0.216863,1.60144,0.249557,0.0848705,1.69447,0.432824,-0.0368811,1.6336,0.484236,0.182564,1.56754
-0.118825,0.100411,1.73832,-0.334334,0.00631079,1.69255,-0.372701,0.216687,1.60778,0.256821,0.0828829,1.7,0.440227,-0.0388296,1.63528,0.488545,0.183134,1.5691
-0.115647,0.0995568,1.74189,-0.330099,0.00524989,1.69643,-0.368451,0.216121,1.61351,0.26062,0.0815924,1.70254,0.440518,-0.0394182,1.63644,0.490931,0.1828,1.56925
-0.113258,0.0982412,1.74541,-0.328419,0.00469582,1.69948,-0.366503,0.216003,1.61884,0.264366,0.0804368,1.70636,0.440878,-0.0401386,1.63828,0.493752,0.18026,1.57024
-0.111797,0.0970602,1.74733,-0.326108,0.00372925,1.70329,-0.365206,0.215599,1.62307,0.265824,0.0801119,1.7083,0.441346,-0.0405031,1.6397,0.495761,0.179119,1.57086
-0.110468,0.0956394,1.74961,-0.324927,-0.000870031,1.70976,-0.364311,0.211949,1.62872,0.267192,0.0790358,1.71102,0.441805,-0.0416418,1.643,0.49799,0.17702,1.57235
-0.110094,0.0944768,1.75123,-0.324133,-0.00237168,1.71203,-0.36425,0.210392,1.63101,0.267953,0.0784853,1.71284,0.442713,-0.0429367,1.64541,0.499081,0.175551,1.57336
-0.109827,0.0936963,1.75314,-0.323699,-0.00325111,1.71365,-0.364699,0.209339,1.63269,0.268476,0.0777013,1.7144,0.441943,-0.0434925,1.64871,0.50038,0.174237,1.57515
-0.109558,0.0931244,1.75439,-0.323575,-0.00411672,1.71455,-0.365431,0.208174,1.63401,0.268711,0.0774423,1.71626,0.442034,-0.043693,1.64963,0.502038,0.173172,1.57736
-0.109216,0.0927596,1.75581,-0.323757,-0.00501603,1.71497,-0.366694,0.206568,1.63566,0.268751,0.0775022,1.71812,0.439675,-0.0434706,1.65555,0.503092,0.172383,1.58039
-0.109462,0.092207,1.75712,-0.323739,-0.00554267,1.71553,-0.368085,0.205532,1.63678,0.268319,0.0780313,1.72013,0.440661,-0.0436912,1.65646,0.504527,0.171939,1.58387
-0.109545,0.0915942,1.75835,-0.324053,-0.00674186,1.7163,-0.369734,0.203879,1.63775,0.268255,0.0781248,1.72134,0.44101,-0.0441784,1.65808,0.505596,0.17098,1.58615
-0.10966,0.0913011,1.75917,-0.324208,-0.00790801,1.71655,-0.371397,0.201928,1.63823,0.267881,0.0782445,1.72253,0.441313,-0.0440787,1.65958,0.506175,0.170971,1.58749
-0.109819,0.0910512,1.76002,-0.324256,-0.00968409,1.71713,-0.373382,0.19962,1.6385,0.267613,0.0784065,1.72338,0.441184,-0.0439977,1.66098,0.506744,0.170821,1.58837
-0.110103,0.0906057,1.76153,-0.323939,-0.0118536,1.71781,-0.376572,0.195939,1.63894,0.267759,0.0785551,1.72516,0.441257,-0.0437601,1.66163,0.507488,0.170885,1.5892
-0.110366,0.090456,1.76229,-0.323264,-0.0141349,1.71763,-0.38125,0.190695,1.63706,0.267536,0.0785908,1.72607,0.441338,-0.0437396,1.6616,0.50897,0.170365,1.58918
-0.110325,0.0903066,1.76267,-0.319771,-0.0217655,1.71814,-0.38768,0.177326,1.63275,0.267395,0.0783646,1.72677,0.441345,-0.0437486,1.66159,0.511952,0.168401,1.58726
-0.110397,0.0902469,1.76298,-0.316508,-0.0269201,1.71768,-0.393767,0.166215,1.6246,0.266861,0.0783838,1.72762,0.439577,-0.045616,1.66225,0.517999,0.157538,1.57953
-0.110443,0.0899851,1.7633,-0.313456,-0.03155,1.71673,-0.399964,0.15287,1.61349,0.266486,0.0781313,1.72827,0.437992,-0.0481661,1.66088,0.523946,0.146626,1.56865
-0.110424,0.0899167,1.76366,-0.308008,-0.0374758,1.71552,-0.40511,0.133998,1.599,0.265993,0.078084,1.72921,0.435104,-0.0522136,1.65887,0.528362,0.137782,1.556
-0.110374,0.0899085,1.76396,-0.303653,-0.0403684,1.714,-0.409732,0.119015,1.5848,0.265476,0.0778837,1.73044,0.431922,-0.0544639,1.65622,0.53529,0.124966,1.53908
-0.110303,0.089874,1.76411,-0.300312,-0.0419369,1.71015,-0.413591,0.103895,1.56725,0.264973,0.0771055,1.73109,0.428975,-0.0549488,1.65019,0.538183,0.108604,1.51984
-0.110135,0.0898038,1.76427,-0.296957,-0.0423255,1.70602,-0.41372,0.0867942,1.55012,0.264529,0.0770485,1.73182,0.424715,-0.0555494,1.64668,0.537756,0.0940864,1.50401
-0.10991,0.0896555,1.76456,-0.293063,-0.042013,1.70243,-0.409317,0.075136,1.53858,0.264093,0.0767456,1.73228,0.419611,-0.0562086,1.64163,0.534976,0.0776182,1.48271
-0.109731,0.0897194,1.7649,-0.290424,-0.0389815,1.6935,-0.402385,0.0653189,1.51863,0.263304,0.0765194,1.73292,0.415005,-0.0545609,1.62849,0.529562,0.0685602,1.46892
-0.109461,0.089856,1.76539,-0.288532,-0.036074,1.68927,-0.390338,0.0577601,1.50435,0.262767,0.0765065,1.73353,0.411405,-0.0527788,1.62119,0.515807,0.0569296,1.45364
-0.109108,0.0898283,1.76598,-0.286701,-0.0312549,1.68102,-0.374099,0.0520716,1.48801,0.262272,0.0759911,1.73409,0.406327,-0.0523332,1.61741,0.501844,0.0527696,1.43542
-0.108938,0.0898471,1.76626,-0.286057,-0.0269338,1.66682,-0.35925,0.0515428,1.47437,0.261329,0.0759524,1.73462,0.402904,-0.0529739,1.61116,0.485887,0.0510521,1.42824
-0.1086,0.089891,1.76656,-0.284776,-0.0252823,1.66286,-0.348784,0.05394,1.46886,0.260659,0.0754826,1.7349,0.399942,-0.057279,1.60924,0.468765,0.0532812,1.42722
-0.108194,0.0900088,1.76685,-0.28383,-0.0241834,1.6585,-0.339336,0.0605622,1.465,0.260019,0.0754365,1.73524,0.398472,-0.0594155,1.60538,0.454835,0.0635018,1.42716
-0.107903,0.0902734,1.76722,-0.283249,-0.0239175,1.65589,-0.330859,0.0719076,1.46488,0.259516,0.0757221,1.73552,0.398676,-0.0584478,1.6008,0.443843,0.0833538,1.42626
-0.107596,0.0904637,1.76743,-0.283394,-0.0240837,1.65373,-0.325403,0.084367,1.46559,0.259059,0.0760863,1.73577,0.397651,-0.0580884,1.60097,0.435634,0.0905389,1.4379
-0.107194,0.0907779,1.76754,-0.283126,-0.0239256,1.65125,-0.322968,0.0961417,1.4677,0.258698,0.0764294,1.73597,0.397257,-0.0577565,1.60086,0.430426,0.107377,1.4428
-0.106842,0.0908937,1.76754,-0.283322,-0.024639,1.64994,-0.322132,0.105255,1.47048,0.258584,0.076473,1.73601,0.395953,-0.0569997,1.60087,0.427676,0.115018,1.44856
-0.106604,0.0909931,1.76747,-0.269509,-0.00652495,1.65415,-0.32266,0.113876,1.47196,0.258234,0.0766227,1.73627,0.396692,-0.0558946,1.59809,0.426149,0.123785,1.45247
-0.106483,0.0910506,1.76742,-0.275775,-0.018606,1.64412,-0.323427,0.118755,1.47287,0.257981,0.0766262,1.73638,0.393355,-0.0554929,1.59823,0.424942,0.12561,1.45551
-0.106407,0.0911815,1.76737,-0.276052,-0.0218384,1.64291,-0.324202,0.120848,1.47351,0.257267,0.0766316,1.73681,0.390022,-0.056533,1.59779,0.42411,0.126836,1.45753
-0.106313,0.0912671,1.76719,-0.274846,-0.0280541,1.64182,-0.324488,0.120673,1.47346,0.256114,0.0768204,1.73711,0.384905,-0.0596592,1.5924,0.423411,0.12675,1.45824
-0.106294,0.0913335,1.76717,-0.271669,-0.033227,1.64086,-0.325248,0.118275,1.47182,0.255456,0.0769076,1.73743,0.374727,-0.0632083,1.59034,0.421272,0.124472,1.45765
-0.10629,0.0913987,1.7671,-0.266778,-0.0373251,1.6389,-0.325146,0.109616,1.46452,0.254795,0.0766885,1.73771,0.362185,-0.0695791,1.58531,0.414712,0.111023,1.44952
-0.106307,0.0915311,1.76707,-0.259591,-0.0405886,1.63412,-0.319778,0.0950593,1.45056,0.253641,0.0763792,1.73772,0.345375,-0.080015,1.5852,0.402098,0.0830595,1.43627
-0.106364,0.0914933,1.76705,-0.250967,-0.0447305,1.63335,-0.304206,0.0717489,1.4385,0.252185,0.0766542,1.73757,0.328172,-0.0922133,1.5915,0.387687,0.0577815,1.42051
-0.10644,0.0913326,1.76688,-0.24477,-0.0477126,1.62614,-0.286396,0.0524411,1.42015,0.250607,0.0772258,1.73762,0.319002,-0.0962535,1.58547,0.366943,0.0300763,1.40134
-0.106471,0.0911052,1.76679,-0.235948,-0.0449953,1.62132,-0.260123,0.0344709,1.41133,0.248165,0.0786733,1.73813,0.306778,-0.0968333,1.58152,0.342178,-0.00361897,1.38268
-0.106526,0.0908969,1.76684,-0.229631,-0.0460362,1.61382,-0.229036,0.0196162,1.4029,0.245032,0.0802487,1.73909,0.290184,-0.0956053,1.54319,0.314493,-0.0125805,1.32756
-0.106327,0.0907907,1.76689,-0.220175,-0.0456338,1.62062,-0.213187,0.00706703,1.40633,0.242774,0.081628,1.73948,0.276516,-0.111598,1.57013,0.262518,-0.0229952,1.32452
-0.105455,0.0913907,1.76692,-0.230457,-0.0371445,1.56099,-0.171975,0.00260614,1.41881,0.239603,0.0838134,1.74038,0.29682,-0.0881303,1.5362,0.248077,-0.0741077,1.34071
-0.100835,0.100739,1.76896,-0.221439,-0.0310657,1.56239,-0.134476,0.0160409,1.38675,0.238462,0.0848848,1.74063,0.2974,-0.0721007,1.55148,0.23783,-0.0701215,1.35378
-0.101608,0.101136,1.76903,-0.210105,-0.0293726,1.55469,-0.0868794,0.0282413,1.40693,0.237946,0.0852759,1.74048,0.287705,-0.0805023,1.55348,0.20736,-0.0628567,1.36917
-0.10271,0.103193,1.76988,-0.194367,-0.0201794,1.55353,-0.0618158,0.0363749,1.41407,0.237391,0.0861992,1.74052,0.279954,-0.0817187,1.55031,0.16488,-0.0500315,1.37377
-0.102972,0.103345,1.76981,-0.183561,-0.0152697,1.55229,-0.0425744,0.0434537,1.4229,0.23708,0.087055,1.74049,0.271771,-0.0842017,1.55045,0.126061,-0.020713,1.37276
-0.104296,0.104928,1.76993,-0.18572,-0.0163152,1.55926,-0.0349777,0.0503146,1.4468,0.236947,0.0879157,1.74046,0.247736,-0.0745608,1.53392,0.121313,-0.00839025,1.38785
-0.105129,0.106132,1.77001,-0.188734,-0.0158583,1.56633,-0.0302617,0.0510691,1.46625,0.236871,0.0890224,1.74058,0.24581,-0.0726711,1.53351,0.113638,0.0148244,1.40703
-0.105746,0.10718,1.76977,-0.187784,-0.0134017,1.56809,-0.00928049,0.0596965,1.48072,0.237187,0.0894071,1.73982,0.246071,-0.0688761,1.53367,0.11309,0.0165855,1.40764
-0.106436,0.108114,1.76987,-0.187695,-0.0104718,1.56943,-0.00158178,0.0799633,1.47246,0.237265,0.0903271,1.73961,0.265223,-0.0770164,1.52828,0.113523,0.0304385,1.42321
-0.106919,0.10899,1.77016,-0.189395,-0.00760106,1.57271,-0.0203478,0.0777451,1.48682,0.237335,0.0912904,1.73929,0.265971,-0.0720581,1.53626,0.11531,0.0353117,1.42909
-0.107231,0.109273,1.76995,-0.194532,-0.00645588,1.57686,-0.026072,0.0721496,1.50124,0.237576,0.0920485,1.73929,0.276185,-0.076822,1.53519,0.115122,0.0402384,1.43636
-0.107583,0.109502,1.76995,-0.198656,-0.0072856,1.57978,-0.0298011,0.0664815,1.50811,0.23773,0.09267,1.73934,0.281481,-0.0777481,1.53373,0.116046,0.0405682,1.4376
-0.107863,0.109524,1.76979,-0.204873,-0.009537,1.58373,-0.0350675,0.059266,1.50892,0.237833,0.0931622,1.73948,0.286429,-0.0790945,1.53436,0.117159,0.039865,1.43895
-0.108109,0.109341,1.7696,-0.210145,-0.0109582,1.58824,-0.0299932,0.0470679,1.49949,0.237747,0.0935327,1.73964,0.297045,-0.0779975,1.54775,0.121344,0.0315351,1.44087
-0.108456,0.108713,1.76928,-0.226318,-0.0135842,1.59897,-0.0549784,0.0187265,1.50311,0.237445,0.093757,1.73983,0.302525,-0.0784849,1.55157,0.133141,0.00786272,1.43775
-0.108834,0.107449,1.76856,-0.234038,-0.0171074,1.60084,-0.0286737,0.0072375,1.48368,0.237212,0.0936693,1.73994,0.313625,-0.0743766,1.56045,0.122742,0.000961444,1.44415
-0.10928,0.105922,1.76829,-0.240084,-0.0175053,1.60281,-0.0567544,-0.015007,1.47232,0.236456,0.0933358,1.74031,0.316832,-0.0740878,1.56252,0.182347,-0.060654,1.41357
-0.109854,0.103821,1.76833,-0.243997,-0.0165771,1.60618,-0.04428,-0.0444849,1.42976,0.232693,0.0931852,1.74153,0.366473,-0.0511377,1.55382,0.210257,-0.0850032,1.41668
-0.110496,0.102451,1.76927,-0.24743,-0.0138156,1.61292,-0.143463,-0.0723501,1.45101,0.232005,0.0928074,1.74169,0.342618,-0.0470101,1.59822,0.263691,-0.105774,1.41827
-0.112925,0.0998407,1.77065,-0.244335,0.00345503,1.65013,-0.17846,-0.0755251,1.46048,0.232807,0.0917037,1.74162,0.352409,-0.043275,1.54858,0.262948,-0.128498,1.39007
-0.116174,0.0973966,1.772,-0.267535,0.0108893,1.60854,-0.214831,-0.095759,1.44671,0.234368,0.0888137,1.74038,0.351547,-0.0462115,1.55103,0.297849,-0.153568,1.39011
-0.117004,0.0965813,1.77311,-0.267673,0.00947207,1.61048,-0.240795,-0.105219,1.44785,0.234781,0.0881323,1.74018,0.349255,-0.0570909,1.57061,0.336569,-0.157255,1.39687
-0.117214,0.09583,1.77386,-0.266266,0.00259904,1.61718,-0.27872,-0.120932,1.45143,0.234959,0.0878552,1.74015,0.349599,-0.0637531,1.58042,0.376576,-0.154007,1.40307
-0.117381,0.0951573,1.77463,-0.269754,-0.00754547,1.62273,-0.303148,-0.11709,1.4576,0.235415,0.0874253,1.74033,0.353174,-0.0688819,1.59068,0.411721,-0.152522,1.40686
-0.117524,0.0945068,1.77495,-0.275526,-0.0150339,1.62709,-0.345087,-0.113271,1.46719,0.23583,0.0867578,1.74026,0.359133,-0.0738384,1.59817,0.440106,-0.141776,1.42383
-0.117717,0.09387,1.7751,-0.282504,-0.0198293,1.63136,-0.360024,-0.113481,1.47254,0.236571,0.08602,1.74033,0.363604,-0.0736733,1.60783,0.464575,-0.134976,1.43502
-0.117771,0.0936038,1.77505,-0.288712,-0.0218068,1.64076,-0.382191,-0.110833,1.48853,0.237037,0.0855389,1.74038,0.369685,-0.0757053,1.61103,0.482211,-0.125314,1.44128
-0.117804,0.0934611,1.77506,-0.293553,-0.0229229,1.6485,-0.398868,-0.105927,1.50109,0.239109,0.0835492,1.74047,0.377848,-0.0776907,1.615,0.501882,-0.108599,1.45674
-0.117943,0.0933627,1.77508,-0.299318,-0.0261703,1.65453,-0.412405,-0.101101,1.50879,0.23919,0.0834538,1.74054,0.384127,-0.0801338,1.61987,0.514483,-0.0983374,1.46342
-0.118199,0.0930179,1.77529,-0.303352,-0.0275767,1.65943,-0.424089,-0.0968299,1.51741,0.240216,0.0826749,1.74089,0.3903,-0.0798881,1.62445,0.528959,-0.0887904,1.46912
-0.118449,0.0927897,1.77556,-0.308599,-0.0293438,1.66425,-0.434261,-0.0932179,1.52421,0.241137,0.0819279,1.74149,0.396632,-0.0794107,1.62993,0.536782,-0.0796518,1.47748
-0.118741,0.0925695,1.77554,-0.311272,-0.0304123,1.66593,-0.440922,-0.0907653,1.52821,0.241963,0.0811642,1.74167,0.398984,-0.0786966,1.63237,0.546676,-0.071721,1.48007
-0.11889,0.0921465,1.77552,-0.31326,-0.0317667,1.66796,-0.446031,-0.0889142,1.53203,0.243277,0.0807998,1.74235,0.400898,-0.0780151,1.63538,0.549263,-0.0687166,1.48425
-0.119085,0.0917373,1.7755,-0.315518,-0.0338629,1.66965,-0.449489,-0.0886253,1.53398,0.243818,0.0805385,1.74261,0.403538,-0.0777398,1.63723,0.566198,-0.0631025,1.48064
-0.119364,0.0914641,1.77567,-0.316734,-0.0355342,1.67068,-0.451743,-0.0895138,1.53581,0.244198,0.0803429,1.74292,0.405651,-0.0776054,1.63843,0.568702,-0.0632984,1.48028
-0.119445,0.0910735,1.77564,-0.316855,-0.0365238,1.67118,-0.452082,-0.0900716,1.53636,0.24451,0.0797877,1.74312,0.405957,-0.0779882,1.63923,0.570139,-0.06545,1.47961
-0.119541,0.0908237,1.77576,-0.316978,-0.037642,1.67117,-0.452156,-0.0909619,1.53621,0.244765,0.0792786,1.7434,0.405881,-0.0781875,1.63985,0.570541,-0.0710205,1.47833
-0.11958,0.0905099,1.77588,-0.316741,-0.0381922,1.67094,-0.450713,-0.0929964,1.5353,0.244999,0.0788666,1.74388,0.405339,-0.0786031,1.64015,0.568523,-0.0781764,1.47512
-0.119636,0.0902976,1.77606,-0.316473,-0.0386406,1.67024,-0.447743,-0.0950306,1.53245,0.244729,0.0789251,1.74402,0.404478,-0.0787449,1.64044,0.547314,-0.0976974,1.45486
-0.119614,0.0901643,1.77643,-0.315732,-0.038516,1.66923,-0.442273,-0.0946863,1.52661,0.244834,0.0782236,1.74504,0.403132,-0.077948,1.63989,0.540807,-0.102956,1.44933
-0.119676,0.0895154,1.77706,-0.314135,-0.037449,1.66822,-0.434312,-0.0900356,1.51835,0.244925,0.0773791,1.7461,0.401703,-0.076615,1.63819,0.523716,-0.0938054,1.47097
-0.119865,0.0888359,1.77778,-0.310304,-0.0333614,1.6682,-0.423272,-0.0754466,1.50903,0.245023,0.0770279,1.74697,0.400348,-0.0746574,1.6376,0.51746,-0.0864468,1.47102
-0.120024,0.0875201,1.7795,-0.30542,-0.0262562,1.66998,-0.412649,-0.0473177,1.50225,0.244554,0.0765412,1.74823,0.398633,-0.0680961,1.63659,0.5056,-0.0589114,1.46794
-0.120109,0.086352,1.78124,-0.302122,-0.0202301,1.67369,-0.405418,-0.0280441,1.50215,0.244191,0.0762042,1.74935,0.3989,-0.0574666,1.63401,0.500375,-0.0286909,1.46399
-0.120313,0.0856913,1.78289,-0.300757,-0.0157626,1.67721,-0.395297,0.0120067,1.50251,0.24424,0.0758497,1.75068,0.404362,-0.043162,1.62791,0.51243,0.0272733,1.42988
-0.120719,0.0850912,1.78433,-0.301055,-0.0112126,1.67859,-0.386129,0.0582154,1.49176,0.244354,0.0756495,1.75102,0.409439,-0.030765,1.62174,0.506909,0.0696563,1.43907
-0.121132,0.0847049,1.78534,-0.305154,-0.00270989,1.67833,-0.385167,0.0914125,1.49245,0.244717,0.0751092,1.75118,0.413786,-0.02707,1.62204,0.49781,0.114542,1.4593
-0.121362,0.0847006,1.78623,-0.310873,0.00730645,1.67803,-0.38347,0.133298,1.50159,0.245102,0.0747242,1.75132,0.420346,-0.0148612,1.61899,0.49397,0.150684,1.47149
-0.121563,0.0846787,1.78671,-0.318065,0.0136096,1.67892,-0.38054,0.155674,1.51953,0.245569,0.074411,1.75123,0.427361,-0.00502973,1.61722,0.489004,0.181725,1.48861
-0.121854,0.0846418,1.78732,-0.324623,0.0198558,1.68078,-0.379715,0.192862,1.53274,0.245995,0.074175,1.75116,0.43145,0.00029395,1.6182,0.484253,0.203175,1.50616
-0.12261,0.0847309,1.78815,-0.328591,0.0286149,1.68197,-0.378717,0.213951,1.54697,0.246509,0.0742923,1.7511,0.436687,0.00611289,1.61894,0.481622,0.217796,1.52252
-0.122896,0.0848024,1.78839,-0.331462,0.0316045,1.68361,-0.378209,0.226558,1.56156,0.247151,0.0743978,1.75066,0.437456,0.00959884,1.61985,0.478718,0.228315,1.53764
-0.123365,0.0849563,1.78879,-0.334224,0.0330989,1.68544,-0.378812,0.236376,1.57741,0.247357,0.0743889,1.75059,0.438087,0.0110434,1.62085,0.476537,0.2335,1.5524
-0.123592,0.0849284,1.78887,-0.33559,0.032931,1.68721,-0.379602,0.238717,1.58647,0.247703,0.074311,1.75017,0.438316,0.0111311,1.62089,0.475641,0.234097,1.56049
-0.123869,0.0849469,1.78888,-0.336851,0.0318685,1.68846,-0.381445,0.238813,1.59316,0.248099,0.0739917,1.74962,0.438354,0.0110166,1.62097,0.476031,0.233272,1.56663
-0.123944,0.0849078,1.78888,-0.338016,0.0255035,1.69333,-0.384712,0.233269,1.59909,0.248282,0.0739098,1.74938,0.435109,0.0182247,1.62774,0.477102,0.221391,1.57119
-0.12399,0.0848709,1.78892,-0.335993,0.0169175,1.69774,-0.389733,0.222543,1.60123,0.248278,0.0739155,1.74939,0.431494,0.0191794,1.63089,0.479104,0.215069,1.57141
-0.124026,0.084851,1.78911,-0.3338,0.009035,1.70072,-0.39527,0.209307,1.5974,0.248339,0.0737949,1.74934,0.428192,0.0179612,1.63146,0.482285,0.204122,1.56572
-0.124035,0.0847845,1.78919,-0.330615,0.00385734,1.69998,-0.401832,0.194014,1.5883,0.24835,0.0736544,1.74941,0.42282,0.0137428,1.63098,0.488405,0.186804,1.55112
-0.123985,0.0847277,1.78948,-0.327425,7.95649E-005,1.69846,-0.406785,0.176026,1.57222,0.248271,0.0736888,1.74974,0.415787,0.00653479,1.627,0.491448,0.170491,1.53655
-0.12393,0.0846185,1.78988,-0.321356,-0.00400558,1.69575,-0.40913,0.15846,1.55504,0.24775,0.0735308,1.75033,0.404124,-0.00587682,1.62137,0.490579,0.146517,1.51358
-0.123827,0.0844191,1.79025,-0.314227,-0.00668665,1.68922,-0.406327,0.139953,1.53428,0.246823,0.0733706,1.75133,0.400204,-0.00928581,1.61798,0.485054,0.125745,1.49178
-0.123681,0.0841323,1.79061,-0.307831,-0.0066479,1.68463,-0.397265,0.123065,1.51092,0.245733,0.0732789,1.75261,0.392728,-0.0133547,1.61307,0.477392,0.110319,1.46754
-0.123345,0.0840267,1.79144,-0.302342,-0.00590722,1.67896,-0.380555,0.104369,1.4903,0.24483,0.0726399,1.75382,0.372553,-0.0382056,1.59432,0.461548,0.0928616,1.43885
-0.122488,0.0837474,1.79249,-0.297192,0.000386276,1.66872,-0.359461,0.0916477,1.46535,0.243656,0.0728512,1.75554,0.367422,-0.0407078,1.59617,0.434191,0.0705161,1.42879
-0.121521,0.0835519,1.79315,-0.292471,0.00310031,1.66193,-0.339763,0.0781875,1.45741,0.242428,0.0728415,1.75679,0.363441,-0.0445775,1.59746,0.413904,0.0584116,1.42535
-0.12037,0.0833378,1.79374,-0.287953,0.00124787,1.65599,-0.318326,0.0753988,1.45594,0.241895,0.0726467,1.75735,0.362171,-0.0450046,1.59584,0.397206,0.0571014,1.41547
-0.119521,0.0832789,1.79416,-0.285015,-0.000298259,1.65051,-0.304532,0.0838194,1.44897,0.241468,0.072605,1.75766,0.358628,-0.0452155,1.59486,0.386298,0.0631094,1.41392
-0.118802,0.0832187,1.79437,-0.283384,-0.00149193,1.64907,-0.2946,0.0977931,1.45422,0.240777,0.0718989,1.7579,0.35782,-0.042183,1.5882,0.370747,0.0878313,1.40825
-0.118073,0.0831744,1.79431,-0.282902,-0.00173915,1.6478,-0.287265,0.123722,1.46134,0.240088,0.0704104,1.75764,0.364863,-0.0336138,1.57244,0.363681,0.10771,1.41428
-0.117486,0.0830976,1.79416,-0.283047,-0.00223784,1.64687,-0.286514,0.135426,1.47063,0.23936,0.0686937,1.75722,0.364698,-0.0325144,1.57261,0.360755,0.136307,1.4251
-0.115058,0.0846791,1.78792,-0.283451,-0.00181655,1.6455,-0.287961,0.152544,1.47851,0.238655,0.0673127,1.75708,0.367664,-0.0281658,1.57081,0.362883,0.149338,1.4352
-0.115077,0.084566,1.78813,-0.284786,-0.000365165,1.64333,-0.291,0.167327,1.48451,0.238241,0.0664807,1.75672,0.369568,-0.0264199,1.56999,0.3663,0.161605,1.44632
-0.115078,0.0843891,1.78834,-0.285466,0.000206925,1.6424,-0.294601,0.174089,1.48784,0.237956,0.0654997,1.75625,0.369802,-0.0263733,1.56997,0.370123,0.168484,1.45448
-0.115049,0.0843573,1.78876,-0.285436,0.000159714,1.64234,-0.297975,0.176367,1.49067,0.23775,0.0649099,1.75593,0.369872,-0.0265993,1.57022,0.372647,0.169742,1.45808
-0.115033,0.0842489,1.78889,-0.284673,-0.00100161,1.64251,-0.300557,0.176107,1.49209,0.237326,0.0660802,1.75375,0.364376,-0.0316022,1.57464,0.374258,0.16822,1.46116
-0.114925,0.0840709,1.78896,-0.279125,-0.00728051,1.64408,-0.304316,0.168561,1.49159,0.237068,0.0648599,1.7534,0.359111,-0.0359324,1.57524,0.375535,0.163991,1.46096
-0.114891,0.0840225,1.78906,-0.270891,-0.0166686,1.64646,-0.306202,0.147939,1.48637,0.236855,0.065796,1.75198,0.343102,-0.0539174,1.58307,0.374715,0.136315,1.4544
-0.114797,0.0839046,1.78911,-0.262632,-0.0246311,1.6469,-0.301844,0.127816,1.47572,0.236286,0.0646169,1.75176,0.336152,-0.0600152,1.58268,0.367864,0.114267,1.44197
-0.114751,0.0838066,1.78915,-0.255438,-0.0310536,1.6453,-0.291446,0.105346,1.46131,0.235874,0.0667186,1.751,0.331776,-0.0537331,1.57554,0.352501,0.078143,1.42626
-0.114593,0.0835664,1.7893,-0.246791,-0.0380162,1.64165,-0.274688,0.0843492,1.44909,0.23541,0.0692466,1.75046,0.323416,-0.0567241,1.57649,0.336809,0.0569315,1.41143
-0.114281,0.083409,1.78928,-0.238308,-0.0436154,1.63793,-0.251853,0.0574352,1.43915,0.234897,0.0727038,1.75023,0.300142,-0.07615,1.58289,0.31204,0.00950475,1.40101
-0.11389,0.0827256,1.78925,-0.229519,-0.044674,1.63746,-0.228746,0.0352229,1.43131,0.234512,0.0740336,1.75005,0.290423,-0.0915162,1.57488,0.289737,-0.00831513,1.37786
-0.112797,0.08214,1.78921,-0.226915,-0.0489573,1.63566,-0.185303,0.0403531,1.38547,0.23184,0.0773736,1.75266,0.26961,-0.117654,1.59559,0.262726,-0.037269,1.36995
-0.108262,0.0835487,1.78406,-0.224579,-0.0500651,1.6096,-0.156123,0.0266888,1.40138,0.22942,0.0810162,1.75473,0.289558,-0.0866827,1.54763,0.214655,-0.0437714,1.3238
-0.106229,0.0854155,1.78236,-0.219058,-0.0459812,1.58999,-0.112012,0.0338695,1.40033,0.229647,0.0821762,1.75375,0.280068,-0.0877371,1.5573,0.188629,-0.0572223,1.35892
-0.107344,0.0905685,1.78246,-0.188684,-0.0333042,1.56746,-0.0762756,0.0415416,1.41876,0.229857,0.082826,1.75272,0.270934,-0.0859507,1.55527,0.169188,-0.0509397,1.36145
-0.107417,0.0920905,1.78159,-0.18628,-0.0317743,1.56795,-0.0266574,0.0602314,1.40748,0.230288,0.0838931,1.75166,0.253455,-0.0828637,1.5456,0.14517,-0.0491126,1.37899
-0.108081,0.0964559,1.78161,-0.17146,-0.024379,1.56998,-0.0195576,0.0633612,1.40825,0.23086,0.0849157,1.75091,0.23885,-0.0803524,1.54256,0.118703,-0.0212047,1.39184
-0.108544,0.0987098,1.78121,-0.172174,-0.0246749,1.5759,-0.00104818,0.0171436,1.39335,0.231327,0.0860063,1.7503,0.239193,-0.083382,1.55095,0.0944856,-0.00698962,1.40773
-0.109147,0.100695,1.7806,-0.174586,-0.00425568,1.56455,-0.00367471,0.0230293,1.44645,0.231703,0.0867012,1.74924,0.23156,-0.0764418,1.54772,0.0954516,0.00325749,1.42075
-0.109882,0.101949,1.77973,-0.172572,-0.00921445,1.5775,-0.0106717,0.0792812,1.50679,0.232427,0.0873681,1.74774,0.230365,-0.0753598,1.54792,0.0944967,0.018637,1.43548
-0.110822,0.102947,1.77864,-0.172142,-0.00996443,1.58125,-0.0196329,0.0964269,1.51535,0.232751,0.0884487,1.74517,0.235289,-0.0669243,1.53742,0.0564029,0.0603542,1.45142
-0.111991,0.103614,1.77789,-0.171243,-0.0114121,1.58582,-0.0215615,0.0989098,1.51993,0.232587,0.0896159,1.74264,0.232103,-0.0624102,1.5421,0.0576424,0.0627894,1.45329
-0.112576,0.104109,1.77749,-0.179238,-0.0189586,1.5815,-0.0225358,0.0893776,1.50495,0.232515,0.0904547,1.74139,0.23047,-0.0580316,1.54533,0.0675676,0.0648986,1.45939
-0.112811,0.104394,1.77697,-0.181097,-0.0213589,1.5816,-0.0215394,0.0894775,1.50499,0.232421,0.0912994,1.74082,0.246692,-0.0679185,1.54293,0.0774615,0.0634105,1.46406
-0.112941,0.104542,1.77673,-0.187259,-0.0295933,1.5846,-0.0215432,0.0855533,1.50863,0.232451,0.0916697,1.74082,0.256068,-0.0739143,1.54428,0.0800911,0.0636604,1.46579
-0.112889,0.104572,1.77664,-0.18895,-0.0262233,1.58207,-0.0204113,0.0810352,1.51026,0.232459,0.0918201,1.74084,0.253763,-0.068944,1.54759,0.106793,0.0382609,1.46792
-0.112837,0.10451,1.77658,-0.199402,-0.0281597,1.59959,-0.0318657,0.0296516,1.50963,0.232595,0.09207,1.74137,0.243311,-0.0587855,1.54146,0.0925601,0.0388198,1.45607
-0.112658,0.103967,1.77627,-0.214265,-0.0296911,1.60753,-0.0120432,0.00530712,1.47954,0.232461,0.0921038,1.74185,0.286579,-0.0815137,1.57106,0.138749,-0.0137717,1.45412
-0.112562,0.102726,1.77581,-0.222267,-0.0318452,1.61367,-0.0149616,-0.016238,1.47937,0.232333,0.0918493,1.74256,0.288057,-0.0809219,1.57178,0.131484,-0.0407952,1.44484
-0.11358,0.101458,1.77868,-0.22914,-0.0303347,1.61696,0.00284009,-0.0728304,1.49189,0.231338,0.0911441,1.74364,0.315555,-0.0658961,1.5873,0.161294,-0.0825718,1.42148
-0.113335,0.0986063,1.77775,-0.236647,-0.0281527,1.62313,-0.0803528,-0.0931969,1.47725,0.227105,0.0889695,1.74782,0.321822,-0.0611138,1.59349,0.206347,-0.114787,1.42844
-0.113203,0.0972835,1.77736,-0.241946,-0.0214683,1.63235,-0.14448,-0.105581,1.47789,0.227108,0.0880126,1.74896,0.346474,-0.0499984,1.56871,0.228224,-0.162445,1.40411
-0.116922,0.0929073,1.7813,-0.267999,0.00283562,1.63383,-0.166315,-0.11589,1.46934,0.228942,0.086251,1.74932,0.344945,-0.0542585,1.56121,0.270567,-0.164576,1.41071
-0.119559,0.0903987,1.7832,-0.268665,0.000978073,1.62627,-0.204284,-0.145704,1.45208,0.230638,0.084959,1.74998,0.341271,-0.0625293,1.5715,0.297087,-0.16985,1.40727
-0.119833,0.0897162,1.78456,-0.26785,-0.000812479,1.62942,-0.23483,-0.145485,1.44859,0.230779,0.0847553,1.75018,0.342177,-0.0697099,1.59124,0.357782,-0.160901,1.41261
-0.120048,0.0889759,1.78557,-0.267949,-0.00617005,1.64266,-0.290582,-0.106366,1.46977,0.231035,0.084444,1.75052,0.346948,-0.0749209,1.60285,0.393808,-0.145154,1.42037
-0.120234,0.0881426,1.78661,-0.274001,-0.010228,1.64998,-0.32731,-0.0891037,1.47288,0.231958,0.0837386,1.75098,0.355868,-0.0766322,1.60942,0.431632,-0.127095,1.43053
-0.120504,0.0878808,1.78772,-0.283664,-0.0128091,1.65897,-0.350631,-0.0804338,1.48198,0.232763,0.0833127,1.75043,0.363337,-0.0752458,1.61977,0.450502,-0.113917,1.44335
-0.121067,0.0871062,1.78875,-0.28764,-0.00979574,1.68145,-0.382541,-0.0631078,1.51318,0.234613,0.0813743,1.75068,0.370264,-0.0758413,1.62291,0.476825,-0.0888997,1.45113
-0.121261,0.0866284,1.7891,-0.291279,-0.0111395,1.68355,-0.396599,-0.0469079,1.51704,0.235069,0.0812023,1.75013,0.375472,-0.0752839,1.62632,0.494506,-0.0624504,1.45938
-0.121428,0.0862982,1.78926,-0.301352,-0.0121019,1.68379,-0.431783,-0.00769784,1.492,0.235367,0.0809657,1.74955,0.383457,-0.0709919,1.62766,0.513151,-0.0306143,1.47133
-0.12166,0.0858277,1.78934,-0.306937,-0.0129832,1.68496,-0.442476,0.0114957,1.49984,0.236689,0.0795585,1.74917,0.391758,-0.0646426,1.62801,0.529275,-0.00237491,1.47739
-0.122166,0.0853081,1.78953,-0.311321,-0.0159691,1.68805,-0.442293,0.0298034,1.52764,0.237321,0.0789722,1.74897,0.399491,-0.0562696,1.62781,0.551412,0.034071,1.47592
-0.122748,0.0850363,1.78969,-0.315214,-0.017355,1.69076,-0.460945,0.0590892,1.52958,0.238377,0.0778008,1.74837,0.40326,-0.0516636,1.62906,0.55592,0.0530697,1.48543
-0.12304,0.0848508,1.78963,-0.318636,-0.0181832,1.69279,-0.465491,0.0714621,1.53676,0.239369,0.0774059,1.74796,0.405722,-0.0499785,1.63087,0.557313,0.0683932,1.49553
-0.123251,0.0847145,1.78959,-0.320812,-0.0179237,1.69388,-0.47059,0.0826467,1.54447,0.240609,0.0766916,1.74757,0.410336,-0.0475793,1.63344,0.559463,0.0837821,1.50186
-0.123642,0.0845138,1.78944,-0.323326,-0.0176808,1.69443,-0.474597,0.0903901,1.55015,0.240732,0.0768326,1.74715,0.412474,-0.0471396,1.63498,0.559661,0.0890352,1.50666
-0.123846,0.0844016,1.78941,-0.324722,-0.0175079,1.69504,-0.477354,0.0934478,1.5543,0.241589,0.076265,1.74708,0.414217,-0.0469807,1.63703,0.558639,0.092069,1.50978
-0.124086,0.084266,1.78922,-0.324909,-0.0178988,1.69575,-0.477988,0.0930316,1.55685,0.241613,0.076576,1.74676,0.415249,-0.0472629,1.63821,0.558644,0.0947594,1.51051
-0.124279,0.0841984,1.78914,-0.324834,-0.0186303,1.69624,-0.478714,0.0910246,1.55783,0.241581,0.0767271,1.74659,0.4152,-0.0475142,1.63873,0.557909,0.0940681,1.5108
-0.124427,0.0840734,1.78907,-0.324499,-0.019282,1.69636,-0.479628,0.0851283,1.55695,0.242275,0.0764432,1.74671,0.41418,-0.0484849,1.63983,0.555706,0.0899887,1.50939
-0.124433,0.0840729,1.78905,-0.323311,-0.0202197,1.69594,-0.477342,0.0737183,1.55131,0.242229,0.0766166,1.74657,0.412971,-0.0492574,1.63994,0.552415,0.0809077,1.50212
-0.124433,0.0840837,1.78902,-0.321932,-0.0211061,1.69486,-0.473353,0.062731,1.54241,0.242117,0.0768339,1.74651,0.411796,-0.0494542,1.63916,0.549191,0.0709294,1.49063
-0.124416,0.0840618,1.78899,-0.319949,-0.0211031,1.69306,-0.46828,0.0510192,1.53198,0.24186,0.0771108,1.74648,0.409912,-0.0489936,1.63775,0.544764,0.061497,1.47833
-0.12432,0.0840844,1.78895,-0.316325,-0.0191958,1.68841,-0.459108,0.0418033,1.51854,0.242061,0.0767241,1.74709,0.408021,-0.0473028,1.63509,0.535252,0.0502565,1.46266
-0.124263,0.0840784,1.78899,-0.313686,-0.0159268,1.68432,-0.446029,0.0359148,1.50387,0.242235,0.0762313,1.74781,0.404126,-0.0458307,1.63203,0.525243,0.0424253,1.44839
-0.124145,0.0840525,1.78899,-0.310982,-0.0103761,1.67831,-0.424419,0.0344485,1.48443,0.242331,0.0754164,1.74867,0.40161,-0.0404704,1.62627,0.509664,0.040114,1.43651
-0.123997,0.0840091,1.78911,-0.304741,-0.00642966,1.67838,-0.394079,0.0376596,1.48893,0.242548,0.0748693,1.74971,0.399359,-0.0382857,1.62397,0.488504,0.0425271,1.43465
-0.123797,0.0839815,1.78924,-0.300644,0.000164618,1.67447,-0.37672,0.0482156,1.48349,0.242645,0.0741318,1.75037,0.397941,-0.0369235,1.62193,0.469628,0.0539485,1.43427
-0.123374,0.084029,1.7894,-0.299635,0.00620861,1.66651,-0.353445,0.0777754,1.47048,0.242616,0.0737198,1.75069,0.39584,-0.0296469,1.6162,0.450465,0.0877163,1.42786
-0.123167,0.0840569,1.7897,-0.299608,0.0065089,1.66505,-0.33722,0.108829,1.47681,0.242553,0.0735873,1.751,0.393844,-0.0258886,1.6146,0.437639,0.121835,1.43707
-0.12299,0.0839914,1.78971,-0.302361,0.0161577,1.65237,-0.318853,0.161051,1.47489,0.242557,0.0736931,1.75098,0.402255,-0.00855362,1.59194,0.425173,0.16201,1.4434
-0.122938,0.0839933,1.78969,-0.282306,0.0416116,1.66432,-0.302013,0.20583,1.48219,0.242529,0.0737218,1.75086,0.402854,-0.0038248,1.59058,0.420588,0.179662,1.45297
-0.122864,0.0840809,1.78952,-0.309839,0.0534548,1.62352,-0.29466,0.231575,1.49159,0.242471,0.0735767,1.75047,0.404447,0.010424,1.58212,0.40729,0.224223,1.47346
-0.122657,0.0842109,1.78922,-0.309888,0.0543169,1.62419,-0.287448,0.253869,1.50653,0.241794,0.0741839,1.74932,0.40508,0.0188857,1.57709,0.40418,0.235116,1.48354
-0.122371,0.0842433,1.78864,-0.311519,0.0580544,1.62496,-0.282146,0.268846,1.51989,0.241263,0.0746619,1.74828,0.404104,0.0243694,1.57527,0.401856,0.24622,1.49529
-0.121995,0.0845157,1.78771,-0.312009,0.0617762,1.62479,-0.278949,0.27931,1.53115,0.240631,0.0733773,1.74701,0.404028,0.0270453,1.5731,0.399319,0.253451,1.50869
-0.121798,0.0852023,1.7869,-0.311996,0.0631949,1.62441,-0.277298,0.283821,1.54041,0.239888,0.0740407,1.74617,0.401816,0.028003,1.57228,0.398866,0.254784,1.51594
-0.121529,0.0855576,1.78615,-0.311508,0.0633959,1.62379,-0.276829,0.284928,1.54667,0.239278,0.0731197,1.74527,0.395766,0.0438325,1.58013,0.398703,0.234356,1.52532
-0.121071,0.086132,1.78525,-0.310265,0.0614561,1.62315,-0.277412,0.282815,1.55066,0.238639,0.0719385,1.74428,0.394331,0.0445492,1.58091,0.398752,0.23481,1.52593
-0.120411,0.0861707,1.78435,-0.299639,0.0522933,1.62196,-0.279268,0.278183,1.55195,0.238305,0.0715111,1.74388,0.390372,0.0433515,1.5819,0.399171,0.229726,1.52235
-0.119751,0.0861665,1.78344,-0.290411,0.042067,1.6216,-0.282718,0.267424,1.55035,0.23799,0.07124,1.74378,0.385532,0.0374976,1.58286,0.399403,0.222015,1.51778
-0.119286,0.0859113,1.78256,-0.282788,0.0315953,1.6193,-0.287599,0.251001,1.54062,0.237826,0.0716725,1.74363,0.381107,0.0322242,1.58124,0.401358,0.209875,1.4983
-0.11901,0.0857986,1.78237,-0.271976,0.0139373,1.62088,-0.293036,0.222273,1.52171,0.23743,0.0709841,1.74389,0.374847,0.0243181,1.57916,0.40208,0.192925,1.47902
-0.118753,0.085662,1.78219,-0.263899,-0.00220885,1.62671,-0.295518,0.192169,1.49979,0.236915,0.0698793,1.74402,0.368804,0.0147698,1.57351,0.401007,0.172539,1.4569
-0.118559,0.0855852,1.78206,-0.257365,-0.011094,1.6304,-0.293824,0.166703,1.4827,0.236552,0.0704691,1.74399,0.35901,-0.0040906,1.56654,0.394669,0.14277,1.43627
-0.118394,0.0855391,1.78212,-0.253916,-0.0133416,1.63115,-0.288473,0.143036,1.46213,0.235823,0.0701492,1.74465,0.352036,-0.0149673,1.55936,0.387888,0.117843,1.41387
-0.11802,0.0853593,1.78242,-0.251218,-0.0101015,1.6293,-0.277159,0.125111,1.44487,0.235226,0.0725836,1.7451,0.339301,-0.0252251,1.5576,0.374743,0.085144,1.39339
-0.117459,0.0850754,1.78251,-0.245968,-0.0116428,1.62098,-0.258542,0.104714,1.42101,0.234839,0.0732224,1.74511,0.320736,-0.0403726,1.5635,0.354508,0.0518128,1.38756
-0.116792,0.0848804,1.7827,-0.24017,-0.0130164,1.62466,-0.235933,0.0812903,1.41284,0.234553,0.0738582,1.74518,0.307004,-0.0609096,1.55443,0.330787,0.0289154,1.37345
-0.116002,0.0846323,1.78263,-0.235419,-0.0149868,1.62573,-0.219046,0.0699889,1.40471,0.233965,0.0750395,1.7455,0.302469,-0.0715451,1.54968,0.303004,0.00241604,1.36059
-0.111822,0.0835419,1.78165,-0.23549,-0.0145433,1.61107,-0.165078,0.0884773,1.37238,0.233004,0.0764525,1.7458,0.300478,-0.0731053,1.54476,0.281572,-0.00752702,1.3544
-0.106296,0.0822133,1.77657,-0.231572,-0.0117789,1.59675,-0.155216,0.0725921,1.42295,0.230153,0.0797988,1.7474,0.292725,-0.0725679,1.54589,0.255255,-0.0025199,1.35994
-0.102942,0.0795059,1.77227,-0.238988,-0.0119635,1.57668,-0.116757,0.0945013,1.42633,0.227431,0.0774822,1.7467,0.286076,-0.0671673,1.53952,0.20015,0.0412197,1.34718
-0.102775,0.0800937,1.76986,-0.231982,-0.005067,1.56486,-0.0823734,0.117448,1.43766,0.226712,0.0762344,1.74494,0.279443,-0.0578458,1.5321,0.193235,0.0379908,1.37712
-0.103769,0.0823336,1.76571,-0.22759,-0.000497565,1.56176,-0.0556492,0.134932,1.45457,0.22633,0.0762175,1.74413,0.267183,-0.0489045,1.52832,0.122792,0.107739,1.36505
-0.104113,0.0826908,1.76424,-0.232414,0.00228832,1.56647,-0.0488856,0.138029,1.47087,0.226297,0.076146,1.74367,0.262816,-0.0427982,1.52791,0.117165,0.118062,1.38154
-0.102007,0.0685867,1.76,-0.222375,0.0130318,1.56204,-0.038418,0.137082,1.48639,0.226815,0.0741918,1.74159,0.266768,-0.0387817,1.52308,0.113904,0.126324,1.40375
-0.0981564,0.0527328,1.75584,-0.17935,0.0454548,1.5651,-0.0217716,0.144336,1.4983,0.227372,0.0712477,1.73853,0.270987,-0.0360875,1.52202,0.110912,0.134068,1.4216
-0.0959545,0.0488846,1.75431,-0.179597,0.0456684,1.56458,-0.0173598,0.145194,1.51466,0.227785,0.0708162,1.73777,0.263699,-0.0308337,1.52914,0.114198,0.131918,1.44019
-0.0954086,0.0462184,1.75371,-0.191081,0.0375981,1.57031,-0.0266847,0.135269,1.52451,0.2278,0.0703503,1.73719,0.261889,-0.0286498,1.53153,0.115768,0.130194,1.44329
-0.0953546,0.0464919,1.75371,-0.188857,0.0335891,1.56937,-0.019846,0.126766,1.53516,0.227875,0.0703487,1.73711,0.261922,-0.0245778,1.53283,0.115178,0.12959,1.45494
-0.0956073,0.0499703,1.75474,-0.187132,0.0305225,1.56994,-0.016706,0.12206,1.53995,0.228002,0.0707194,1.73714,0.262727,-0.0244162,1.53462,0.115392,0.127863,1.45608
-0.0989959,0.05865,1.7579,-0.191712,0.0276282,1.57541,-0.0192671,0.1142,1.54043,0.228244,0.0730057,1.73761,0.264244,-0.0243137,1.53541,0.112172,0.126214,1.45841
-0.101529,0.0670569,1.76247,-0.196019,0.02305,1.57948,-0.0196384,0.0997202,1.53936,0.230366,0.0797288,1.74033,0.267228,-0.0279111,1.53853,0.12063,0.0959275,1.46307
-0.104382,0.0768326,1.76675,-0.189766,0.00285886,1.57504,-0.00948117,0.0924168,1.48426,0.234034,0.0906706,1.74409,0.289637,-0.0370785,1.54347,0.120524,0.0579911,1.44383
-0.107977,0.0954282,1.77472,-0.237348,0.00438017,1.59173,-0.0259289,0.0384901,1.5076,0.233873,0.0912183,1.74444,0.301636,-0.0455597,1.5484,0.134112,0.027227,1.43126
-0.108276,0.0963266,1.77518,-0.240442,0.00513438,1.59423,-0.0680506,0.00363309,1.49325,0.233566,0.0913856,1.74459,0.322523,-0.0470278,1.55549,0.175368,-0.0167668,1.40195
-0.108465,0.096297,1.77529,-0.246696,0.00722145,1.60127,-0.0828987,-0.0168406,1.4777,0.232979,0.0912236,1.74525,0.344378,-0.0346335,1.57361,0.181183,-0.0382611,1.387
-0.111353,0.0963246,1.77841,-0.259439,0.00901448,1.60879,-0.128886,-0.0363539,1.46235,0.230181,0.0909684,1.74893,0.347972,-0.0247639,1.58665,0.250852,-0.0752402,1.39782
-0.113999,0.0951333,1.78075,-0.256071,0.0182891,1.62364,-0.18171,-0.05915,1.45267,0.230523,0.0904933,1.74936,0.348555,-0.0228073,1.58981,0.3012,-0.0796248,1.40157
-0.117149,0.0935686,1.7828,-0.255196,0.0217,1.64773,-0.209485,-0.062618,1.4584,0.232203,0.088604,1.75007,0.348062,-0.0250007,1.5839,0.307231,-0.0912444,1.39731
-0.118298,0.0922781,1.78461,-0.27501,0.0313215,1.63168,-0.263639,-0.070872,1.45819,0.233092,0.0872817,1.7511,0.348115,-0.0279465,1.58921,0.363899,-0.0933591,1.39885
-0.118964,0.0915927,1.78567,-0.27684,0.030085,1.63212,-0.288284,-0.0722574,1.4589,0.233618,0.0862933,1.75146,0.350292,-0.0320921,1.59295,0.38761,-0.0911323,1.40372
-0.119807,0.0909603,1.787,-0.282622,0.025877,1.63614,-0.333355,-0.0642494,1.46352,0.233792,0.0856596,1.75183,0.362318,-0.0389573,1.59271,0.432596,-0.136073,1.35204
-0.12022,0.0904368,1.78767,-0.29185,0.0213876,1.6421,-0.356547,-0.0579068,1.46899,0.234415,0.0844169,1.75194,0.368061,-0.0378144,1.60533,0.457136,-0.0808475,1.4307
-0.120895,0.0896114,1.78834,-0.299557,0.0182111,1.64953,-0.39578,-0.0438794,1.48489,0.234953,0.083104,1.75154,0.381871,-0.0423946,1.59752,0.479417,-0.0684334,1.42421
-0.121727,0.0882239,1.789,-0.30418,0.0142676,1.66029,-0.411326,-0.0313574,1.49721,0.235322,0.0828887,1.75076,0.385583,-0.0423318,1.59951,0.502521,-0.0391864,1.43659
-0.122065,0.0878031,1.789,-0.308608,0.0132487,1.66367,-0.432596,-0.0167108,1.50978,0.235869,0.08209,1.75031,0.393099,-0.0379988,1.59961,0.524465,-0.0116674,1.43594
-0.122546,0.08734,1.789,-0.321261,0.0119112,1.66435,-0.454238,-0.00300496,1.51641,0.236498,0.0813789,1.7496,0.398994,-0.0328905,1.6018,0.541663,0.0128988,1.44107
-0.123103,0.0869527,1.78889,-0.328197,0.0120346,1.66496,-0.468095,0.00969888,1.52333,0.237354,0.0806403,1.74897,0.406515,-0.02488,1.6027,0.559999,0.0364319,1.44515
-0.123931,0.086774,1.7889,-0.334852,0.0124013,1.66669,-0.476914,0.0161456,1.52751,0.238046,0.0799642,1.74864,0.420438,-0.00792418,1.61064,0.568293,0.0512791,1.45173
-0.124579,0.0864983,1.78879,-0.338028,0.0127709,1.66881,-0.48472,0.0240645,1.53545,0.239122,0.0793335,1.74798,0.420634,-0.00792512,1.61129,0.573565,0.0638569,1.45916
-0.125375,0.0861316,1.78856,-0.340785,0.0128477,1.67124,-0.489273,0.0288376,1.54064,0.239714,0.0789017,1.74769,0.426109,-0.00302789,1.61489,0.57802,0.0757017,1.46632
-0.125889,0.0858556,1.78828,-0.342842,0.0126863,1.67321,-0.492504,0.0315951,1.54453,0.239934,0.0787723,1.74762,0.42648,-0.00385466,1.61547,0.579845,0.0803272,1.46839
-0.126239,0.0857433,1.78817,-0.343775,0.0122095,1.67473,-0.494624,0.0326564,1.54786,0.240303,0.0785699,1.74761,0.428785,-0.00176058,1.61825,0.579493,0.0833682,1.47135
-0.126503,0.0856691,1.788,-0.344009,0.0117844,1.67523,-0.495889,0.0321972,1.54972,0.240624,0.0783778,1.7477,0.430072,-0.000794015,1.62025,0.579106,0.0841975,1.47238
-0.126955,0.0854091,1.7879,-0.344006,0.0111202,1.67583,-0.496275,0.030454,1.55065,0.240821,0.0782197,1.74776,0.428238,-0.00694679,1.62135,0.578814,0.0840734,1.47248
-0.127129,0.0851457,1.78775,-0.343791,0.0106334,1.6757,-0.495964,0.0256638,1.54974,0.240978,0.07787,1.74783,0.425715,-0.0106239,1.62191,0.577706,0.0811078,1.47234
-0.127188,0.085125,1.78776,-0.343243,0.00982248,1.67481,-0.495219,0.0180859,1.54622,0.241036,0.0776281,1.74817,0.424112,-0.0131209,1.62221,0.572235,0.0701295,1.46862
-0.127257,0.0849711,1.78772,-0.341693,0.00797172,1.6704,-0.493891,0.00982984,1.53717,0.240931,0.0774796,1.74843,0.42068,-0.0175443,1.62089,0.56707,0.055848,1.46016
-0.127257,0.0848795,1.78769,-0.339033,0.00801333,1.66594,-0.486467,0.00384669,1.52792,0.240858,0.0773878,1.74895,0.418387,-0.0186997,1.61895,0.557659,0.04066,1.45481
-0.127222,0.0847831,1.7877,-0.336231,0.00921488,1.65845,-0.47649,-0.00103923,1.51561,0.240784,0.0774079,1.74921,0.415665,-0.0194223,1.61394,0.547901,0.0281229,1.44946
-0.127076,0.0847258,1.78778,-0.332298,0.011587,1.65214,-0.458794,-0.0017857,1.4981,0.240555,0.0771785,1.74983,0.412304,-0.016502,1.60038,0.538438,0.0201797,1.44156
-0.127045,0.0845112,1.78786,-0.324786,0.0162397,1.64858,-0.444113,0.00102038,1.48865,0.239961,0.0771269,1.75043,0.409034,-0.0135817,1.59736,0.531562,0.0113538,1.41661
-0.12694,0.0843341,1.78811,-0.31964,0.019578,1.64583,-0.422718,0.00958773,1.44869,0.239593,0.0768536,1.75088,0.404516,-0.00872503,1.59509,0.519348,0.0103333,1.4088
-0.126899,0.0841364,1.78844,-0.315567,0.0232136,1.64265,-0.408863,0.0208434,1.44109,0.238558,0.0766749,1.75202,0.400712,-0.00257789,1.59306,0.50061,0.0171122,1.40076
-0.126777,0.0840058,1.78873,-0.30953,0.0277111,1.64295,-0.384996,0.0807136,1.38995,0.238304,0.0769746,1.75173,0.39558,0.000748835,1.5939,0.478472,0.0338212,1.40555
-0.124406,0.0844105,1.78693,-0.30528,0.0324252,1.64128,-0.357475,0.0792058,1.44325,0.238116,0.0769925,1.75221,0.39374,0.00228115,1.59323,0.464502,0.0611577,1.40351
-0.124704,0.0845008,1.7877,-0.302812,0.0377707,1.63922,-0.347993,0.101949,1.44141,0.23777,0.0767326,1.75243,0.392845,0.00473761,1.58832,0.452277,0.102098,1.40363
-0.125105,0.0844446,1.78833,-0.30233,0.0395714,1.63823,-0.332566,0.149856,1.45164,0.236995,0.076858,1.75269,0.394259,0.00736324,1.58581,0.443651,0.143051,1.41573
-0.125302,0.0844097,1.78844,-0.303177,0.0437983,1.63618,-0.324953,0.174829,1.45949,0.236887,0.0774712,1.75191,0.396668,0.0138698,1.58204,0.435972,0.172848,1.42568
-0.125511,0.0843183,1.78842,-0.308688,0.0562733,1.62926,-0.311458,0.221989,1.46933,0.236881,0.0774735,1.75191,0.397945,0.0160681,1.58173,0.430678,0.192295,1.43842
-0.125788,0.0842447,1.78822,-0.311279,0.0622609,1.62816,-0.308549,0.237633,1.47693,0.236964,0.077357,1.75183,0.399252,0.0230276,1.58047,0.426043,0.221713,1.45311
-0.125958,0.0843309,1.78807,-0.313462,0.0655246,1.62818,-0.30685,0.25789,1.48861,0.236846,0.0778649,1.75106,0.400714,0.0258652,1.5793,0.423791,0.233193,1.46562
-0.126141,0.0844764,1.78734,-0.315462,0.071487,1.62496,-0.304219,0.270915,1.49606,0.236953,0.077242,1.75031,0.40043,0.0276159,1.57879,0.421812,0.241274,1.47659
-0.126163,0.0848292,1.78703,-0.315628,0.0722946,1.62442,-0.302994,0.27906,1.50565,0.236641,0.0763204,1.74978,0.399476,0.0279541,1.57894,0.419423,0.244907,1.48923
-0.126052,0.085177,1.78628,-0.314939,0.0718638,1.62359,-0.302852,0.280772,1.5109,0.236305,0.076074,1.74946,0.39851,0.0270883,1.57845,0.419096,0.244576,1.49338
-0.125749,0.085433,1.78546,-0.310226,0.0639136,1.62334,-0.303982,0.277567,1.51512,0.235922,0.0758341,1.74905,0.394561,0.0233935,1.57699,0.419045,0.242944,1.49518
-0.125489,0.085647,1.78501,-0.303919,0.0527453,1.62599,-0.305807,0.271159,1.51771,0.235728,0.0758778,1.74902,0.390305,0.0157109,1.57631,0.418643,0.236944,1.49563
-0.124903,0.0857079,1.7842,-0.298459,0.0462936,1.62477,-0.30803,0.265018,1.51578,0.235364,0.0754979,1.74888,0.384266,0.00801552,1.57596,0.417554,0.225533,1.48978
-0.12447,0.0857759,1.7836,-0.291474,0.0400864,1.62202,-0.311384,0.25054,1.50291,0.234873,0.0747684,1.74844,0.379655,0.0272179,1.57141,0.415138,0.207688,1.47532
-0.124045,0.0858139,1.78324,-0.28365,0.0352218,1.62102,-0.313339,0.234374,1.48137,0.234088,0.0743543,1.74834,0.37745,0.0307719,1.56712,0.412354,0.198091,1.46168
-0.123313,0.0860188,1.78285,-0.275978,0.0312535,1.62023,-0.312048,0.222121,1.46239,0.233711,0.0740665,1.74828,0.374107,0.0310365,1.56284,0.408137,0.186885,1.444
-0.122643,0.0861792,1.78253,-0.268218,0.0331694,1.61745,-0.306527,0.210943,1.44766,0.232936,0.0740216,1.74832,0.368476,0.0294477,1.55637,0.402903,0.178031,1.42388
-0.122001,0.0862605,1.78238,-0.259705,0.0442518,1.60526,-0.296175,0.202341,1.42762,0.232371,0.0738523,1.74836,0.36325,0.0290333,1.55149,0.394326,0.170917,1.40821
-0.120857,0.0862983,1.7825,-0.256151,0.0572119,1.58858,-0.282021,0.19513,1.41007,0.231622,0.0732883,1.74813,0.358213,0.0294439,1.54715,0.382423,0.160298,1.38878
-0.119702,0.0861885,1.7823,-0.256836,0.0614405,1.58198,-0.261721,0.191384,1.4001,0.231004,0.0730376,1.74797,0.348121,0.0271436,1.53806,0.368917,0.155401,1.37228
-0.118754,0.0859817,1.78215,-0.257211,0.0659609,1.57345,-0.242676,0.190435,1.39521,0.230816,0.0734677,1.74756,0.34519,0.0267641,1.53639,0.353803,0.15136,1.3678
-0.118197,0.0860533,1.78195,-0.250902,0.0719113,1.58192,-0.222363,0.189646,1.41094,0.228747,0.0716457,1.7469,0.340555,0.0290496,1.53242,0.334679,0.152818,1.36921
-0.116997,0.0860673,1.78152,-0.246838,0.0770638,1.58264,-0.197404,0.205439,1.4197,0.22852,0.071821,1.74642,0.328332,0.0496335,1.53403,0.316935,0.164376,1.36901
-0.114487,0.0866796,1.78007,-0.241637,0.0858831,1.58191,-0.156871,0.233881,1.42853,0.227766,0.0722492,1.74591,0.324293,0.0561583,1.5328,0.292209,0.179197,1.37702
-0.113446,0.0865651,1.77932,-0.235439,0.0936631,1.57977,-0.133733,0.247321,1.43801,0.216772,0.073369,1.7445,0.318157,0.0681063,1.5205,0.258436,0.210433,1.38772
-0.112127,0.0869629,1.77775,-0.215428,0.120213,1.56867,-0.100284,0.263849,1.45571,0.217451,0.0755996,1.74403,0.313317,0.0717734,1.51712,0.233285,0.229427,1.39865
-0.110875,0.0868197,1.77673,-0.203787,0.129096,1.56903,-0.0883637,0.261162,1.47619,0.218206,0.0779104,1.74408,0.305612,0.074545,1.51719,0.213004,0.239782,1.41189
-0.107773,0.0860463,1.7745,-0.194278,0.132118,1.57183,-0.0480608,0.271125,1.50917,0.21852,0.0784182,1.74377,0.300786,0.0699943,1.50827,0.197873,0.243614,1.4235
-0.105942,0.0856497,1.77303,-0.188305,0.130791,1.57303,-0.0492226,0.256813,1.51412,0.218627,0.0785968,1.74335,0.301701,0.0523354,1.50985,0.189774,0.230377,1.44251
-0.105231,0.0857022,1.77244,-0.184384,0.127724,1.57373,-0.0328166,0.244358,1.53142,0.218587,0.0786398,1.74316,0.281896,0.0750272,1.4883,0.170851,0.232044,1.45038
-0.104437,0.0853648,1.77143,-0.18138,0.122436,1.57394,0.0184089,0.248427,1.56395,0.2185,0.0782446,1.74252,0.293851,0.0290232,1.50871,0.135393,0.236383,1.46718
-0.103052,0.0819931,1.76853,-0.179731,0.113096,1.57326,0.0184995,0.24623,1.56375,0.218475,0.0763783,1.74099,0.294429,0.028338,1.50829,0.152265,0.194581,1.46333
-0.102647,0.0792014,1.76697,-0.179283,0.103799,1.57247,0.00387541,0.195011,1.5333,0.217964,0.0751954,1.74012,0.29533,0.0287603,1.50753,0.144294,0.190998,1.4642
-0.102311,0.0750311,1.76483,-0.182887,0.0873508,1.5713,0.0150875,0.182424,1.5382,0.218096,0.073651,1.73848,0.275856,0.0404259,1.51357,0.136229,0.166455,1.4525
-0.0982283,0.0527131,1.74974,-0.197463,0.069096,1.56898,-0.0112186,0.123446,1.54396,0.221436,0.0690409,1.71727,0.289088,0.0177231,1.52684,0.132829,0.143892,1.45229
-0.103616,0.0738623,1.75679,-0.206147,0.0560497,1.57219,0.0154937,0.0999531,1.54369,0.219227,0.067383,1.72198,0.291581,0.0109389,1.5296,0.12075,0.112046,1.44666
-0.105773,0.0812991,1.76108,-0.230358,0.0327814,1.57865,-0.0245442,0.051228,1.52469,0.219347,0.0757678,1.73246,0.297466,-0.00104851,1.53233,0.06641,0.0864051,1.43074
-0.108132,0.0909901,1.76481,-0.239374,0.0264315,1.57976,-0.0293787,0.0401959,1.51892,0.218687,0.0811366,1.73682,0.310566,-0.0246818,1.54636,0.141585,0.0247723,1.41969
-0.10881,0.0922102,1.76523,-0.245748,0.0210837,1.58786,-0.0704308,-0.0253153,1.506,0.217912,0.0828213,1.73833,0.317989,-0.0340562,1.54548,0.172371,-0.0125258,1.40472
-0.109575,0.092868,1.76634,-0.258018,0.0164905,1.59787,-0.0926226,-0.0542836,1.49362,0.215592,0.0902125,1.7452,0.33503,-0.0209721,1.56871,0.222868,-0.0566533,1.40461
-0.111607,0.0943874,1.77027,-0.261979,0.0195246,1.61131,-0.123548,-0.0934524,1.46744,0.215985,0.0884517,1.74503,0.33543,-0.0189846,1.57204,0.242422,-0.0840025,1.39702
-0.114615,0.093703,1.77244,-0.256949,0.0221883,1.63658,-0.188985,-0.0832627,1.47515,0.217841,0.0858593,1.74435,0.337262,-0.0177714,1.57616,0.271355,-0.09934,1.38883
