-1.77624,1.68092,0,0.478551,0,0,0,-1.42362,1.67825,0,0.458871,0,0,0
-1.77988,1.67705,0,0.48575,0,0,0,-1.41823,1.66072,0,0.471385,0,0,0
-1.78224,1.68087,0,0.478874,0,0,0,-1.42311,1.66115,0,0.447293,0,0,0
-1.78717,1.6924,0,0.460264,0,0,0,-1.42958,1.67122,0,0.40288,0,0,0
-1.78937,1.70259,0,0.443527,0,0,0,-1.43281,1.67034,0,0.375978,0,0,0
-1.78972,1.70616,0,0.439118,0,0,0,-1.43248,1.66178,0,0.362247,0,0,0
-1.79469,1.71365,0,0.43281,0,0,0,-1.43076,1.65596,0,0.364648,0,0,0
-1.80287,1.71067,0,0.451262,0,0,0,-1.4297,1.65747,0,0.365321,0,0,0
-1.80933,1.72395,0,0.448449,0,0,0,-1.42474,1.65506,0,0.356982,0,0,0
-1.81516,1.72344,0,0.453965,0,0,0,-1.42215,1.65802,0,0.360156,0,0,0
-1.82259,1.71987,0,0.451522,0,0,0,-1.42038,1.67467,0,0.358658,0,0,0
-1.82655,1.72943,0,0.447948,0,0,0,-1.4116,1.68232,0,0.368639,0,0,0
-1.82593,1.74134,0,0.442334,0,0,0,-1.40579,1.68742,0,0.376781,0,0,0
-1.82712,1.74553,0,0.439444,0,0,0,-1.40043,1.69771,0,0.378125,0,0,0
-1.82331,1.75741,0,0.427984,0,0,0,-1.39344,1.72132,0,0.370963,0,0,0
-1.82201,1.76578,0,0.421012,0,0,0,-1.38748,1.72713,0,0.378085,0,0,0
-1.82138,1.77051,0,0.425856,0,0,0,-1.38613,1.73454,0,0.382963,0,0,0
-1.81806,1.77707,0,0.424785,0,0,0,-1.38137,1.74108,0,0.389047,0,0,0
-1.82079,1.77889,0,0.434147,0,0,0,-1.37536,1.74681,0,0.396485,0,0,0
-1.81554,1.7903,0,0.427627,0,0,0,-1.37202,1.76116,0,0.392807,0,0,0
-1.81691,1.79819,0,0.426224,0,0,0,-1.37127,1.77309,0,0.387854,0,0,0
-1.82024,1.81215,0,0.418042,0,0,0,-1.37063,1.78122,0,0.384101,0,0,0
-1.8187,1.82725,0,0.40572,0,0,0,-1.36716,1.7916,0,0.379707,0,0,0
-1.82212,1.83462,0,0.40367,0,0,0,-1.36437,1.8007,0,0.37606,0,0,0
-1.82873,1.84032,0,0.413985,0,0,0,-1.36164,1.80539,0,0.377529,0,0,0
-1.83237,1.84814,0,0.415308,0,0,0,-1.35527,1.80929,0,0.378219,0,0,0
-1.84122,1.84866,0,0.42635,0,0,0,-1.35125,1.81399,0,0.37951,0,0,0
-1.84648,1.85241,0,0.433638,0,0,0,-1.3461,1.81143,0,0.387184,0,0,0
-1.85498,1.85203,0,0.445237,0,0,0,-1.33706,1.80951,0,0.396574,0,0,0
-1.86339,1.85474,0,0.453773,0,0,0,-1.3259,1.8036,0,0.41595,0,0,0
-1.86877,1.85992,0,0.458401,0,0,0,-1.31377,1.8009,0,0.434826,0,0,0
-1.86863,1.87962,0,0.441037,0,0,0,-1.29871,1.80312,0,0.453305,0,0,0
-1.8705,1.90334,0,0.414517,0,0,0,-1.28648,1.81902,0,0.457337,0,0,0
-1.87881,1.91495,0,0.405389,0,0,0,-1.26927,1.85018,0,0.454391,0,0,0
-1.89227,1.92925,0,0.418706,0,0,0,-1.25267,1.8826,0,0.451234,0,0,0
-1.89097,1.9475,0,0.40743,0,0,0,-1.2328,1.92258,0,0.430039,0,0,0
-1.90117,1.94249,0,0.423665,0,0,0,-1.21462,1.94838,0,0.42214,0,0,0
-1.90511,1.94417,0,0.433335,0,0,0,-1.19594,1.95826,0,0.437047,0,0,0
-1.90183,1.95133,0,0.442658,0,0,0,-1.18417,1.96378,0,0.458022,0,0,0
-1.90237,1.95114,0,0.436701,0,0,0,-1.17121,1.96602,0,0.476043,0,0,0
-1.89978,1.95753,0,0.436127,0,0,0,-1.14748,1.96872,0,0.491766,0,0,0
-1.89806,1.96188,0,0.424806,0,0,0,-1.1439,1.96012,0,0.499992,0,0,0
-1.901,1.9665,0,0.418091,0,0,0,-1.13294,1.9589,0,0.51382,0,0,0
-1.9007,1.97448,0,0.407352,0,0,0,-1.11512,1.93452,0,0.541377,0,0,0
-1.9022,1.98352,0,0.40324,0,0,0,-1.08044,1.97961,0,0.496119,0,0,0
-1.90498,1.99652,0,0.394964,0,0,0,-1.05517,2.00616,0,0.473263,0,0,0
-1.92658,2.00829,0,0.408578,0,0,0,-1.0333,2.0301,0,0.456888,0,0,0
-1.96202,2.02939,0,0.415302,0,0,0,-1.0107,2.0496,0,0.452738,0,0,0
-2.00106,2.05592,0,0.439507,0,0,0,-0.97703,2.07624,0,0.454569,0,0,0
-2.0411,2.09182,0,0.44733,0,0,0,-0.9464,2.1042,0,0.441895,0,0,0
-2.07295,2.12687,0,0.502549,0,0,0,-0.904697,2.13785,0,0.426934,0,0,0
-2.15332,2.26745,0,0.283231,0,0,0,-0.867976,2.17066,0,0.412192,0,0,0
-2.1793,2.29079,0,0.388105,0,0,0,-0.830302,2.19715,0,0.411757,0,0,0
-2.21827,2.28293,0,0.459032,0,0,0,-0.783245,2.23616,0,0.387346,0,0,0
-2.27744,2.35949,0,0.285019,0,0,0,-0.74448,2.26286,0,0.435232,0,0,0
-2.32046,2.32713,0,0.422413,0,0,0,-0.704475,2.28809,0,0.394917,0,0,0
-2.34925,2.31994,0,0.443708,0,0,0,-0.663595,2.31156,0,0.374923,0,0,0
-2.38435,2.33046,0,0.433099,0,0,0,-0.623143,2.33301,0,0.354141,0,0,0
-2.43308,2.34255,0,0.416137,0,0,0,-0.598764,2.34867,0,0.351071,0,0,0
-2.46021,2.34647,0,0.404005,0,0,0,-0.567999,2.35677,0,0.32857,0,0,0
-2.48895,2.35321,0,0.384761,0,0,0,-0.540122,2.36669,0,0.326872,0,0,0
-2.52502,2.35126,0,0.383317,0,0,0,-0.530764,2.37561,0,0.319625,0,0,0
-2.55276,2.34639,0,0.379883,0,0,0,-0.522571,2.38539,0,0.310341,0,0,0
-2.56818,2.34661,0,0.414198,0,0,0,-0.516208,2.39441,0,0.30278,0,0,0
-2.58406,2.34402,0,0.389449,0,0,0,-0.509254,2.39759,0,0.30799,0,0,0
-2.60185,2.33782,0,0.398211,0,0,0,-0.49974,2.40388,0,0.29935,0,0,0
-2.61223,2.33208,0,0.399481,0,0,0,-0.492963,2.4061,0,0.297995,0,0,0
-2.61941,2.32638,0,0.400791,0,0,0,-0.48761,2.40452,0,0.299268,0,0,0
-2.62573,2.32109,0,0.399333,0,0,0,-0.484206,2.40323,0,0.300673,0,0,0
-2.62799,2.31722,0,0.394962,0,0,0,-0.48551,2.4065,0,0.296311,0,0,0
-2.62015,2.30415,0,0.405582,0,0,0,-0.484906,2.39826,0,0.29842,0,0,0
-2.61475,2.29577,0,0.401071,0,0,0,-0.492059,2.39058,0,0.304937,0,0,0
-2.60622,2.28687,0,0.400511,0,0,0,-0.498418,2.38764,0,0.297127,0,0,0
-2.60079,2.28131,0,0.385696,0,0,0,-0.508105,2.38437,0,0.289374,0,0,0
-2.58819,2.27085,0,0.327487,0,0,0,-0.518873,2.38178,0,0.279248,0,0,0
-2.56342,2.25736,0,0.36067,0,0,0,-0.529239,2.37701,0,0.263607,0,0,0
-2.55493,2.25093,0,0.358279,0,0,0,-0.548606,2.36096,0,0.28282,0,0,0
-2.53303,2.23675,0,0.372491,0,0,0,-0.574301,2.32347,0,0.339958,0,0,0
-2.5267,2.23104,0,0.361352,0,0,0,-0.58341,2.31264,0,0.344274,0,0,0
-2.51591,2.22015,0,0.369024,0,0,0,-0.591205,2.30122,0,0.344542,0,0,0
-2.4777,2.25811,0,0.342296,0,0,0,-0.59823,2.29294,0,0.345995,0,0,0
-2.47296,2.26193,0,0.328898,0,0,0,-0.601239,2.29143,0,0.336278,0,0,0
-2.47209,2.21573,0,0.379068,0,0,0,-0.60532,2.28749,0,0.323051,0,0,0
-2.47178,2.20549,0,0.380782,0,0,0,-0.609128,2.28295,0,0.324639,0,0,0
-2.47258,2.19919,0,0.380476,0,0,0,-0.610915,2.28129,0,0.32509,0,0,0
-2.47327,2.19433,0,0.377791,0,0,0,-0.616837,2.27544,0,0.335542,0,0,0
-2.47436,2.19223,0,0.375017,0,0,0,-0.617917,2.27352,0,0.335099,0,0,0
-2.47483,2.18838,0,0.375269,0,0,0,-0.621053,2.26891,0,0.340524,0,0,0
-2.47233,2.17778,0,0.388769,0,0,0,-0.623244,2.26688,0,0.341699,0,0,0
-2.47529,2.17439,0,0.389522,0,0,0,-0.626181,2.26327,0,0.347667,0,0,0
-2.47724,2.17083,0,0.393793,0,0,0,-0.625489,2.26139,0,0.345987,0,0,0
-2.47899,2.16654,0,0.401598,0,0,0,-0.623308,2.25952,0,0.345759,0,0,0
-2.47997,2.16335,0,0.411221,0,0,0,-0.622185,2.25717,0,0.346661,0,0,0
-2.48053,2.16005,0,0.423542,0,0,0,-0.620904,2.25403,0,0.34831,0,0,0
-2.48102,2.15509,0,0.437398,0,0,0,-0.619041,2.25116,0,0.349433,0,0,0
-2.48266,2.15277,0,0.450664,0,0,0,-0.616248,2.24692,0,0.35278,0,0,0
-2.48829,2.15185,0,0.461215,0,0,0,-0.613303,2.24124,0,0.356385,0,0,0
-2.49754,2.15157,0,0.461871,0,0,0,-0.610819,2.23705,0,0.359193,0,0,0
-2.50697,2.15193,0,0.464212,0,0,0,-0.608085,2.23427,0,0.360044,0,0,0
-2.51295,2.1521,0,0.465201,0,0,0,-0.606322,2.23128,0,0.361423,0,0,0
-2.52597,2.15317,0,0.459223,0,0,0,-0.60437,2.22821,0,0.362356,0,0,0
-2.53588,2.15439,0,0.451286,0,0,0,-0.602231,2.22532,0,0.363908,0,0,0
-2.547,2.15503,0,0.445072,0,0,0,-0.601709,2.2239,0,0.364958,0,0,0
-2.55465,2.15266,0,0.442185,0,0,0,-0.600861,2.22224,0,0.365862,0,0,0
-2.55985,2.15209,0,0.439742,0,0,0,-0.598375,2.21819,0,0.37062,0,0,0
-2.56257,2.15183,0,0.43842,0,0,0,-0.596359,2.21507,0,0.373542,0,0,0
-2.56355,2.1514,0,0.438951,0,0,0,-0.597149,2.20941,0,0.385786,0,0,0
-2.5637,2.15041,0,0.442144,0,0,0,-0.603136,2.19688,0,0.415454,0,0,0
-2.56082,2.14373,0,0.458154,0,0,0,-0.614222,2.17973,0,0.465156,0,0,0
-2.44528,2.09021,0,0.672176,0,0,0,-0.723154,2.12723,0,0.662703,0,0,0
-2.40642,2.02859,0,0.812403,0,0,0,-0.738636,2.11139,0,0.731988,0,0,0
-2.37599,1.97482,0,0.931966,0,0,0,-0.759297,2.08819,0,0.820016,0,0,0
-2.36477,1.96181,0,0.995973,0,0,0,-0.769397,2.06187,0,0.905874,0,0,0
-2.33481,1.86421,0,1.15961,0,0,0,-0.777325,2.02988,0,0.991591,0,0,0
-2.49547,2.01303,0,0.843434,0,0,0,-0.786033,2.00944,0,1.07453,0,0,0
-2.49646,2.01255,0,0.885857,0,0,0,-0.7723,2.00054,0,1.1577,0,0,0
-2.49804,2.00816,0,0.932449,0,0,0,-0.769038,1.98009,0,1.2351,0,0,0
-2.49789,1.98668,0,1.00056,0,0,0,-0.766522,1.95602,0,1.31703,0,0,0
-2.50025,1.9838,0,1.06402,0,0,0,-0.613763,1.98299,0,1.13763,0,0,0
-2.50009,1.97951,0,1.10898,0,0,0,-0.607313,1.98254,0,1.17239,0,0,0
-2.50009,1.97119,0,1.16058,0,0,0,-0.601587,1.97854,0,1.21275,0,0,0
-2.4998,1.95756,0,1.21095,0,0,0,-0.593559,1.97073,0,1.25532,0,0,0
-2.49805,1.92946,0,1.26491,0,0,0,-0.585706,1.96365,0,1.29722,0,0,0
-2.49665,1.91918,0,1.36135,0,0,0,-0.578521,1.95479,0,1.37772,0,0,0
-2.49525,1.88033,0,1.41921,0,0,0,-0.575367,1.94611,0,1.40128,0,0,0
-2.49335,1.87615,0,1.4608,0,0,0,-0.573242,1.93136,0,1.43537,0,0,0
-2.48972,1.8447,0,1.52106,0,0,0,-0.570908,1.92165,0,1.46937,0,0,0
-2.48768,1.84364,0,1.5639,0,0,0,-0.575262,1.90891,0,1.53865,0,0,0
-2.48495,1.84186,0,1.6072,0,0,0,-0.573092,1.90135,0,1.55877,0,0,0
-2.48066,1.83953,0,1.63639,0,0,0,-0.572274,1.896,0,1.58299,0,0,0
-2.47504,1.83485,0,1.67812,0,0,0,-0.571133,1.89168,0,1.65582,0,0,0
-2.47059,1.83199,0,1.72311,0,0,0,-0.571609,1.8864,0,1.69898,0,0,0
-2.47016,1.83105,0,1.75766,0,0,0,-0.573786,1.87945,0,1.75686,0,0,0
-2.47105,1.82784,0,1.79979,0,0,0,-0.582541,1.87023,0,1.81528,0,0,0
-2.47141,1.82623,0,1.82634,0,0,0,-0.584512,1.86502,0,1.85616,0,0,0
-2.47341,1.82255,0,1.84515,0,0,0,-0.587797,1.85999,0,1.88763,0,0,0
-2.47375,1.81594,0,1.86563,0,0,0,-0.59372,1.85305,0,1.9165,0,0,0
-2.47226,1.81353,0,1.88698,0,0,0,-0.592259,1.85013,0,1.9292,0,0,0
-2.4721,1.81076,0,1.89548,0,0,0,-0.592847,1.84554,0,1.94439,0,0,0
-2.47066,1.80865,0,1.90582,0,0,0,-0.591893,1.84201,0,1.95356,0,0,0
-2.4698,1.80698,0,1.90998,0,0,0,-0.58968,1.83932,0,1.95641,0,0,0
-2.46778,1.80288,0,1.91381,0,0,0,-0.589973,1.83802,0,1.9611,0,0,0
-2.4667,1.7995,0,1.91611,0,0,0,-0.588758,1.8366,0,1.96326,0,0,0
-2.46604,1.79822,0,1.91893,0,0,0,-0.588579,1.83513,0,1.96569,0,0,0
-2.46456,1.79638,0,1.91995,0,0,0,-0.593626,1.83253,0,1.96641,0,0,0
-2.46381,1.79591,0,1.9188,0,0,0,-0.591611,1.83237,0,1.96551,0,0,0
-2.46353,1.79465,0,1.91985,0,0,0,-0.591514,1.83213,0,1.96451,0,0,0
-2.46309,1.79471,0,1.92018,0,0,0,-0.590114,1.8317,0,1.96519,0,0,0
-2.46262,1.79449,0,1.91975,0,0,0,-0.590296,1.83176,0,1.96651,0,0,0
-2.46263,1.79397,0,1.91894,0,0,0,-0.590459,1.83182,0,1.96793,0,0,0
-2.46252,1.79317,0,1.9183,0,0,0,-0.590466,1.83136,0,1.96875,0,0,0
-2.4622,1.79276,0,1.91805,0,0,0,-0.595168,1.83078,0,1.97176,0,0,0
-2.46155,1.79247,0,1.91753,0,0,0,-0.595582,1.83103,0,1.97222,0,0,0
-2.46161,1.79196,0,1.91762,0,0,0,-0.596305,1.83122,0,1.97285,0,0,0
-2.46166,1.79148,0,1.91748,0,0,0,-0.602099,1.83052,0,1.97701,0,0,0
-2.46144,1.79051,0,1.91889,0,0,0,-0.599394,1.83268,0,1.977,0,0,0
-2.4616,1.78925,0,1.91953,0,0,0,-0.599545,1.83289,0,1.97859,0,0,0
-2.46156,1.78904,0,1.91984,0,0,0,-0.604764,1.83359,0,1.98151,0,0,0
-2.4619,1.78797,0,1.91971,0,0,0,-0.602854,1.83565,0,1.97642,0,0,0
-2.46152,1.78787,0,1.91989,0,0,0,-0.603414,1.83592,0,1.97676,0,0,0
-2.46013,1.78795,0,1.92049,0,0,0,-0.599872,1.83863,0,1.9762,0,0,0
-2.45916,1.78788,0,1.92112,0,0,0,-0.597924,1.84074,0,1.97522,0,0,0
-2.45852,1.78828,0,1.92182,0,0,0,-0.595673,1.84153,0,1.97529,0,0,0
-2.45809,1.78797,0,1.92295,0,0,0,-0.594266,1.84345,0,1.9755,0,0,0
-2.45768,1.78725,0,1.94926,0,0,0,-0.593629,1.84501,0,1.9759,0,0,0
-2.45641,1.78694,0,1.94436,0,0,0,-0.592129,1.84445,0,1.97673,0,0,0
-2.45574,1.78717,0,1.94233,0,0,0,-0.591243,1.84474,0,1.9771,0,0,0
-2.45415,1.78842,0,1.94239,0,0,0,-0.59283,1.84533,0,1.97867,0,0,0
-2.45385,1.78781,0,1.94341,0,0,0,-0.596447,1.84405,0,1.98165,0,0,0
-2.45352,1.78788,0,1.94337,0,0,0,-0.596968,1.84447,0,1.98198,0,0,0
-2.45307,1.78818,0,1.96069,0,0,0,-0.607133,1.84451,0,1.98711,0,0,0
-2.45225,1.78906,0,1.9607,0,0,0,-0.606259,1.84616,0,1.98672,0,0,0
-2.45178,1.78854,0,1.95737,0,0,0,-0.609563,1.8455,0,1.98779,0,0,0
-2.45144,1.7884,0,1.95491,0,0,0,-0.608317,1.84687,0,1.9876,0,0,0
-2.45112,1.78797,0,1.95413,0,0,0,-0.608542,1.84678,0,1.98835,0,0,0
-2.45045,1.78829,0,1.95081,0,0,0,-0.615008,1.84685,0,1.99161,0,0,0
-2.44937,1.78843,0,1.94875,0,0,0,-0.61509,1.84691,0,1.99235,0,0,0
-2.44844,1.78818,0,1.94765,0,0,0,-0.61492,1.84675,0,1.99227,0,0,0
-2.44744,1.78767,0,1.94796,0,0,0,-0.615134,1.84686,0,1.9924,0,0,0
-2.44728,1.78702,0,1.94746,0,0,0,-0.618844,1.84655,0,1.99394,0,0,0
-2.44618,1.78664,0,1.94792,0,0,0,-0.618765,1.84657,0,1.99381,0,0,0
-2.44621,1.78668,0,1.94757,0,0,0,-0.621519,1.84526,0,1.99543,0,0,0
-2.44622,1.78656,0,1.94651,0,0,0,-0.623305,1.84503,0,1.99627,0,0,0
-2.44506,1.78718,0,1.94701,0,0,0,-0.624952,1.84486,0,1.99798,0,0,0
-2.4443,1.78736,0,1.9472,0,0,0,-0.626675,1.84482,0,1.99937,0,0,0
-2.44412,1.78713,0,1.94703,0,0,0,-0.628193,1.84457,0,2.00031,0,0,0
-2.44341,1.78768,0,1.94785,0,0,0,-0.629303,1.84446,0,2.00091,0,0,0
-2.44313,1.78736,0,1.94783,0,0,0,-0.624363,1.84725,0,1.9985,0,0,0
-2.44257,1.78718,0,1.94804,0,0,0,-0.621483,1.84771,0,1.99781,0,0,0
-2.44181,1.78736,0,1.94838,0,0,0,-0.620086,1.84794,0,1.99769,0,0,0
-2.44155,1.78738,0,1.94804,0,0,0,-0.618594,1.84853,0,1.99776,0,0,0
-2.44111,1.78739,0,1.94824,0,0,0,-0.620179,1.84686,0,1.99922,0,0,0
-2.44107,1.78709,0,1.94811,0,0,0,-0.615013,1.84824,0,1.99741,0,0,0
-2.44053,1.78715,0,1.94827,0,0,0,-0.612722,1.84864,0,1.99676,0,0,0
-2.4403,1.7872,0,1.94819,0,0,0,-0.609847,1.84954,0,1.99597,0,0,0
-2.43971,1.78706,0,1.94903,0,0,0,-0.608553,1.84999,0,1.9956,0,0,0
-2.43933,1.78686,0,1.9492,0,0,0,-0.607973,1.84867,0,1.99626,0,0,0
-2.4385,1.78662,0,1.94992,0,0,0,-0.605775,1.84884,0,1.99625,0,0,0
-2.43824,1.78677,0,1.94979,0,0,0,-0.604653,1.84976,0,1.99624,0,0,0
-2.43797,1.7865,0,1.94969,0,0,0,-0.601494,1.8501,0,1.99593,0,0,0
-2.43794,1.78701,0,1.94993,0,0,0,-0.599554,1.85057,0,1.99578,0,0,0
-2.43768,1.78744,0,1.95038,0,0,0,-0.598813,1.84961,0,1.99593,0,0,0
-2.43776,1.78716,0,1.95052,0,0,0,-0.597473,1.85011,0,1.99528,0,0,0
-2.43763,1.78735,0,1.97122,0,0,0,-0.596806,1.85015,0,1.99521,0,0,0
-2.43709,1.78749,0,1.96556,0,0,0,-0.595776,1.85076,0,1.99469,0,0,0
-2.43762,1.78778,0,1.96193,0,0,0,-0.595867,1.85013,0,1.99528,0,0,0
-2.43755,1.78791,0,1.95903,0,0,0,-0.594372,1.85138,0,1.9945,0,0,0
-2.43697,1.78841,0,1.95728,0,0,0,-0.593481,1.85151,0,1.99404,0,0,0
-2.43632,1.78809,0,1.95757,0,0,0,-0.593564,1.85071,0,1.99439,0,0,0
-2.43592,1.78781,0,1.95666,0,0,0,-0.592091,1.85095,0,1.99371,0,0,0
-2.436,1.78775,0,1.95559,0,0,0,-0.591881,1.85053,0,1.99406,0,0,0
-2.43562,1.78809,0,1.95531,0,0,0,-0.590363,1.84953,0,1.99398,0,0,0
-2.43512,1.78792,0,1.95527,0,0,0,-0.589781,1.84964,0,1.99493,0,0,0
-2.4351,1.7879,0,1.95542,0,0,0,-0.590538,1.84903,0,1.99475,0,0,0
-2.43432,1.78814,0,1.95507,0,0,0,-0.58969,1.84872,0,1.99481,0,0,0
-2.434,1.78817,0,1.95551,0,0,0,-0.589001,1.84853,0,1.99427,0,0,0
-2.43425,1.78827,0,1.95567,0,0,0,-0.588527,1.84915,0,1.99479,0,0,0
-2.43436,1.78812,0,1.95576,0,0,0,-0.587725,1.84908,0,1.99464,0,0,0
-2.43409,1.78779,0,1.95609,0,0,0,-0.587846,1.84882,0,1.99517,0,0,0
-2.43389,1.78792,0,1.95612,0,0,0,-0.590945,1.84733,0,1.9978,0,0,0
-2.43371,1.78779,0,1.95643,0,0,0,-0.590507,1.84732,0,1.99782,0,0,0
-2.43376,1.78768,0,1.95651,0,0,0,-0.589607,1.84774,0,1.99753,0,0,0
-2.43372,1.78747,0,1.95667,0,0,0,-0.589189,1.84759,0,1.99756,0,0,0
-2.43411,1.78763,0,1.95661,0,0,0,-0.588971,1.84747,0,1.99759,0,0,0
-2.43428,1.78776,0,1.95652,0,0,0,-0.588529,1.84754,0,1.99792,0,0,0
-2.43398,1.78711,0,1.9573,0,0,0,-0.587966,1.8474,0,1.99798,0,0,0
-2.43389,1.78706,0,1.9566,0,0,0,-0.588133,1.846,0,1.99763,0,0,0
-2.43337,1.78711,0,1.9573,0,0,0,-0.588125,1.846,0,1.99735,0,0,0
-2.43335,1.78655,0,1.95795,0,0,0,-0.588474,1.84569,0,1.9968,0,0,0
-2.43271,1.78663,0,1.95332,0,0,0,-0.588917,1.84564,0,1.99482,0,0,0
-2.432,1.787,0,1.94757,0,0,0,-0.589202,1.84591,0,1.99259,0,0,0
-2.43195,1.78731,0,1.94179,0,0,0,-0.590673,1.84588,0,1.99073,0,0,0
-2.43196,1.78702,0,1.93694,0,0,0,-0.597175,1.84374,0,1.99186,0,0,0
-2.43171,1.78649,0,1.93362,0,0,0,-0.598567,1.8445,0,1.98644,0,0,0
-2.43168,1.7859,0,1.9309,0,0,0,-0.59893,1.8445,0,1.9775,0,0,0
-2.43091,1.78558,0,1.92803,0,0,0,-0.597911,1.84624,0,1.96671,0,0,0
-2.4305,1.78495,0,1.92422,0,0,0,-0.599465,1.84667,0,1.95488,0,0,0
-2.43058,1.78485,0,1.91808,0,0,0,-0.600536,1.84664,0,1.94421,0,0,0
-2.43455,1.78728,0,1.91146,0,0,0,-0.599064,1.84792,0,1.92761,0,0,0
-2.43664,1.78818,0,1.89905,0,0,0,-0.600034,1.84822,0,1.90768,0,0,0
-2.43621,1.78769,0,1.8866,0,0,0,-0.597828,1.85137,0,1.8818,0,0,0
-2.43696,1.78716,0,1.86225,0,0,0,-0.598297,1.85206,0,1.85668,0,0,0
-2.44176,1.78864,0,1.82914,0,0,0,-0.597475,1.85292,0,1.82096,0,0,0
-2.44324,1.78806,0,1.78891,0,0,0,-0.59529,1.85441,0,1.77939,0,0,0
-2.44829,1.78609,0,1.7397,0,0,0,-0.593566,1.85629,0,1.7428,0,0,0
-2.45342,1.78402,0,1.69629,0,0,0,-0.594223,1.85704,0,1.70749,0,0,0
-2.46474,1.76965,0,1.65122,0,0,0,-0.590612,1.86008,0,1.6603,0,0,0
-2.46883,1.76876,0,1.62294,0,0,0,-0.585456,1.86487,0,1.60732,0,0,0
-2.47521,1.77392,0,1.57308,0,0,0,-0.578496,1.86877,0,1.55101,0,0,0
-2.48212,1.78212,0,1.52325,0,0,0,-0.571096,1.87302,0,1.48541,0,0,0
-2.48703,1.78937,0,1.47068,0,0,0,-0.564993,1.87958,0,1.43206,0,0,0
-2.49211,1.79858,0,1.39629,0,0,0,-0.560721,1.88254,0,1.35745,0,0,0
-2.49584,1.81212,0,1.36296,0,0,0,-0.559476,1.88363,0,1.29604,0,0,0
-2.49708,1.82189,0,1.31925,0,0,0,-0.559751,1.88448,0,1.23277,0,0,0
-2.49714,1.82864,0,1.27902,0,0,0,-0.558598,1.88653,0,1.18124,0,0,0
-2.49498,1.84016,0,1.23228,0,0,0,-0.558009,1.88875,0,1.09483,0,0,0
-2.49501,1.84872,0,1.19477,0,0,0,-0.557146,1.8921,0,1.06149,0,0,0
-2.49203,1.85517,0,1.16571,0,0,0,-0.558921,1.89477,0,1.00419,0,0,0
-2.48935,1.86198,0,1.13779,0,0,0,-0.562502,1.89503,0,0.982402,0,0,0
-2.4882,1.86654,0,1.10429,0,0,0,-0.569277,1.89398,0,0.937019,0,0,0
-2.48748,1.87296,0,1.06598,0,0,0,-0.578207,1.89204,0,0.907571,0,0,0
-2.48398,1.87551,0,1.04338,0,0,0,-0.58179,1.8898,0,0.860191,0,0,0
-2.48093,1.87928,0,1.0176,0,0,0,-0.584184,1.88815,0,0.825062,0,0,0
-2.47703,1.8802,0,0.994215,0,0,0,-0.587289,1.88794,0,0.781602,0,0,0
-2.47205,1.88168,0,0.97207,0,0,0,-0.591823,1.88841,0,0.733017,0,0,0
-2.46775,1.88452,0,0.928945,0,0,0,-0.59682,1.88749,0,0.699272,0,0,0
-2.46356,1.88726,0,0.901818,0,0,0,-0.600923,1.88712,0,0.661537,0,0,0
-2.46058,1.88888,0,0.876995,0,0,0,-0.60979,1.88501,0,0.637728,0,0,0
-2.4583,1.88993,0,0.849955,0,0,0,-0.613598,1.88428,0,0.609835,0,0,0
-2.4565,1.8905,0,0.832396,0,0,0,-0.618859,1.88479,0,0.588369,0,0,0
-2.45459,1.89081,0,0.817194,0,0,0,-0.625007,1.88414,0,0.578493,0,0,0
-2.44942,1.88885,0,0.798052,0,0,0,-0.632267,1.88426,0,0.569384,0,0,0
-2.44719,1.8883,0,0.784305,0,0,0,-0.636884,1.88369,0,0.556567,0,0,0
-2.44609,1.88726,0,0.769843,0,0,0,-0.64118,1.88246,0,0.555326,0,0,0
-2.44422,1.88718,0,0.757738,0,0,0,-0.644555,1.8816,0,0.557026,0,0,0
-2.44306,1.88643,0,0.749599,0,0,0,-0.646305,1.88093,0,0.551413,0,0,0
-2.44175,1.88437,0,0.748445,0,0,0,-0.648556,1.87987,0,0.551129,0,0,0
-2.43846,1.88173,0,0.750878,0,0,0,-0.649167,1.87912,0,0.547182,0,0,0
-2.43796,1.88079,0,0.751079,0,0,0,-0.649459,1.87825,0,0.545391,0,0,0
-2.43604,1.87891,0,0.754174,0,0,0,-0.651604,1.87637,0,0.549398,0,0,0
-2.4353,1.87554,0,0.757294,0,0,0,-0.652492,1.87466,0,0.549974,0,0,0
-2.43485,1.87278,0,0.757041,0,0,0,-0.654104,1.87366,0,0.554227,0,0,0
-2.4336,1.87141,0,0.758582,0,0,0,-0.655096,1.87182,0,0.556251,0,0,0
-2.43254,1.86997,0,0.760474,0,0,0,-0.655647,1.87109,0,0.557422,0,0,0
-2.43178,1.86947,0,0.757698,0,0,0,-0.656122,1.87086,0,0.55833,0,0,0
-2.43131,1.86904,0,0.756192,0,0,0,-0.656187,1.87047,0,0.557615,0,0,0
-2.43038,1.86847,0,0.755037,0,0,0,-0.656497,1.87037,0,0.556577,0,0,0
-2.42962,1.86794,0,0.75415,0,0,0,-0.656491,1.87033,0,0.556129,0,0,0
-2.42879,1.86788,0,0.751063,0,0,0,-0.656493,1.87024,0,0.555085,0,0,0
-2.42887,1.86772,0,0.749294,0,0,0,-0.656305,1.87018,0,0.553614,0,0,0
-2.42866,1.86783,0,0.749172,0,0,0,-0.656198,1.86964,0,0.554168,0,0,0
-2.42826,1.86731,0,0.749127,0,0,0,-0.656288,1.86969,0,0.554045,0,0,0
-2.42808,1.86718,0,0.749387,0,0,0,-0.656545,1.86978,0,0.554261,0,0,0
-2.42782,1.8669,0,0.749888,0,0,0,-0.656685,1.86959,0,0.554845,0,0,0
-2.42771,1.8666,0,0.750546,0,0,0,-0.65673,1.86962,0,0.555154,0,0,0
-2.42748,1.86585,0,0.751919,0,0,0,-0.656934,1.86974,0,0.555108,0,0,0
-2.4274,1.86561,0,0.753042,0,0,0,-0.657009,1.86979,0,0.554973,0,0,0
-2.42697,1.86536,0,0.754304,0,0,0,-0.657227,1.86995,0,0.555487,0,0,0
-2.42703,1.86473,0,0.755924,0,0,0,-0.657375,1.87012,0,0.555847,0,0,0
-2.42571,1.86436,0,0.759643,0,0,0,-0.657389,1.87014,0,0.556024,0,0,0
-2.4257,1.86428,0,0.761504,0,0,0,-0.65752,1.87018,0,0.55739,0,0,0
-2.42577,1.86433,0,0.762598,0,0,0,-0.657731,1.87002,0,0.55918,0,0,0
-2.42587,1.86403,0,0.764152,0,0,0,-0.657899,1.86996,0,0.56125,0,0,0
-2.42602,1.86334,0,0.769371,0,0,0,-0.658212,1.87057,0,0.566886,0,0,0
-2.42642,1.86237,0,0.77216,0,0,0,-0.658381,1.87063,0,0.571321,0,0,0
-2.42699,1.86057,0,0.775486,0,0,0,-0.658583,1.87102,0,0.578644,0,0,0
-2.42792,1.85976,0,0.779276,0,0,0,-0.658686,1.87118,0,0.587326,0,0,0
-2.42911,1.85782,0,0.783673,0,0,0,-0.657691,1.87153,0,0.5923,0,0,0
-2.43011,1.85652,0,0.785915,0,0,0,-0.655558,1.8716,0,0.600038,0,0,0
-2.43155,1.85448,0,0.790357,0,0,0,-0.655028,1.87237,0,0.611549,0,0,0
-2.43306,1.85405,0,0.793906,0,0,0,-0.653516,1.8735,0,0.617531,0,0,0
-2.43414,1.8537,0,0.800486,0,0,0,-0.652214,1.87475,0,0.621866,0,0,0
-2.43504,1.85285,0,0.806948,0,0,0,-0.651569,1.87534,0,0.627225,0,0,0
-2.43588,1.85246,0,0.811116,0,0,0,-0.651171,1.8759,0,0.633565,0,0,0
-2.43716,1.85229,0,0.813079,0,0,0,-0.651048,1.87581,0,0.642476,0,0,0
-2.43826,1.85204,0,0.820697,0,0,0,-0.651415,1.87688,0,0.648165,0,0,0
-2.43953,1.84971,0,0.828047,0,0,0,-0.650423,1.87738,0,0.658826,0,0,0
-2.44045,1.84755,0,0.838225,0,0,0,-0.650924,1.87729,0,0.675004,0,0,0
-2.44182,1.84716,0,0.846283,0,0,0,-0.651295,1.87767,0,0.701009,0,0,0
-2.44314,1.84656,0,0.862042,0,0,0,-0.650544,1.87652,0,0.725462,0,0,0
-2.44716,1.84114,0,0.881887,0,0,0,-0.649955,1.87592,0,0.759485,0,0,0
-2.44858,1.84046,0,0.902941,0,0,0,-0.648142,1.8752,0,0.791029,0,0,0
-2.45117,1.83517,0,0.928858,0,0,0,-0.647208,1.87513,0,0.822968,0,0,0
-2.45567,1.83435,0,0.953343,0,0,0,-0.646247,1.87401,0,0.871881,0,0,0
-2.46134,1.82984,0,0.978199,0,0,0,-0.642976,1.87292,0,0.94262,0,0,0
-2.46829,1.83015,0,1.01298,0,0,0,-0.641425,1.87299,0,0.982837,0,0,0
-2.4699,1.8286,0,1.07772,0,0,0,-0.635596,1.87262,0,1.02066,0,0,0
-2.47143,1.82762,0,1.1169,0,0,0,-0.629273,1.8741,0,1.0491,0,0,0
-2.473,1.82601,0,1.15076,0,0,0,-0.622678,1.87539,0,1.07919,0,0,0
-2.47596,1.82374,0,1.19657,0,0,0,-0.618267,1.87494,0,1.14757,0,0,0
-2.47839,1.82113,0,1.23143,0,0,0,-0.614595,1.87395,0,1.18515,0,0,0
-2.4821,1.81185,0,1.27757,0,0,0,-0.607042,1.87492,0,1.21692,0,0,0
-2.48756,1.80555,0,1.35213,0,0,0,-0.601126,1.87563,0,1.26746,0,0,0
-2.49001,1.7989,0,1.3753,0,0,0,-0.596802,1.87653,0,1.29964,0,0,0
-2.49214,1.7961,0,1.39747,0,0,0,-0.594166,1.87703,0,1.34112,0,0,0
-2.49288,1.79429,0,1.42249,0,0,0,-0.591279,1.87932,0,1.393,0,0,0
-2.49382,1.78891,0,1.45774,0,0,0,-0.588873,1.88034,0,1.4312,0,0,0
-2.49671,1.75447,0,1.50499,0,0,0,-0.587335,1.88121,0,1.47873,0,0,0
-2.4962,1.75519,0,1.53561,0,0,0,-0.586977,1.88158,0,1.50711,0,0,0
-2.49616,1.75528,0,1.56254,0,0,0,-0.58458,1.88355,0,1.52984,0,0,0
-2.49589,1.75402,0,1.58347,0,0,0,-0.583308,1.88326,0,1.54819,0,0,0
-2.49552,1.75394,0,1.60885,0,0,0,-0.584117,1.88305,0,1.57209,0,0,0
-2.49343,1.74932,0,1.62584,0,0,0,-0.585511,1.88263,0,1.59333,0,0,0
-2.49132,1.7497,0,1.64557,0,0,0,-0.590634,1.88007,0,1.61802,0,0,0
-2.48966,1.74843,0,1.65207,0,0,0,-0.590517,1.87944,0,1.64446,0,0,0
-2.4884,1.74757,0,1.66006,0,0,0,-0.590169,1.87816,0,1.67095,0,0,0
-2.48399,1.74839,0,1.67163,0,0,0,-0.596244,1.87605,0,1.69686,0,0,0
-2.48186,1.74724,0,1.68445,0,0,0,-0.596327,1.87504,0,1.72463,0,0,0
-2.48024,1.74684,0,1.69515,0,0,0,-0.596688,1.87415,0,1.74465,0,0,0
-2.4787,1.74592,0,1.70729,0,0,0,-0.597444,1.87331,0,1.7627,0,0,0
-2.47833,1.74326,0,1.71988,0,0,0,-0.597384,1.87287,0,1.77352,0,0,0
-2.47817,1.74083,0,1.72983,0,0,0,-0.595691,1.87364,0,1.78002,0,0,0
-2.47758,1.74174,0,1.73234,0,0,0,-0.595248,1.87379,0,1.78882,0,0,0
-2.47713,1.73992,0,1.76795,0,0,0,-0.59434,1.87397,0,1.79021,0,0,0
-2.47667,1.74089,0,1.76692,0,0,0,-0.594198,1.87417,0,1.79048,0,0,0
-2.47623,1.74115,0,1.76625,0,0,0,-0.594128,1.87423,0,1.79152,0,0,0
-2.4759,1.74143,0,1.76663,0,0,0,-0.594122,1.87404,0,1.7932,0,0,0
-2.47553,1.73853,0,1.76835,0,0,0,-0.593758,1.8741,0,1.79385,0,0,0
-2.47517,1.73691,0,1.7695,0,0,0,-0.593809,1.87374,0,1.79428,0,0,0
-2.47451,1.73575,0,1.76938,0,0,0,-0.593671,1.87358,0,1.79458,0,0,0
-2.47393,1.73384,0,1.7706,0,0,0,-0.594261,1.87304,0,1.79512,0,0,0
-2.47279,1.73458,0,1.76963,0,0,0,-0.594794,1.87228,0,1.79564,0,0,0
-2.47291,1.7337,0,1.76958,0,0,0,-0.59518,1.87081,0,1.79636,0,0,0
-2.47301,1.73327,0,1.76933,0,0,0,-0.602145,1.86895,0,1.80288,0,0,0
-2.47304,1.73247,0,1.76887,0,0,0,-0.602053,1.86879,0,1.80246,0,0,0
-2.47318,1.7321,0,1.76817,0,0,0,-0.601518,1.86927,0,1.80129,0,0,0
-2.47322,1.73125,0,1.76738,0,0,0,-0.601373,1.86929,0,1.80052,0,0,0
-2.47287,1.73206,0,1.76646,0,0,0,-0.600834,1.86948,0,1.79921,0,0,0
-2.47208,1.73336,0,1.76496,0,0,0,-0.600644,1.86927,0,1.79865,0,0,0
-2.47212,1.73306,0,1.76364,0,0,0,-0.600709,1.8691,0,1.79791,0,0,0
-2.47119,1.73557,0,1.76043,0,0,0,-0.600247,1.86907,0,1.79728,0,0,0
-2.47059,1.73823,0,1.75774,0,0,0,-0.600104,1.86865,0,1.79688,0,0,0
-2.46995,1.73893,0,1.75774,0,0,0,-0.600048,1.86854,0,1.7965,0,0,0
-2.46967,1.73996,0,1.75636,0,0,0,-0.599588,1.86866,0,1.79548,0,0,0
-2.4699,1.74064,0,1.7546,0,0,0,-0.599697,1.86837,0,1.795,0,0,0
-2.47001,1.74223,0,1.75368,0,0,0,-0.599805,1.86794,0,1.79462,0,0,0
-2.46961,1.74386,0,1.75212,0,0,0,-0.599887,1.8678,0,1.79296,0,0,0
-2.46859,1.74434,0,1.75249,0,0,0,-0.600181,1.86785,0,1.79025,0,0,0
-2.46795,1.74625,0,1.75161,0,0,0,-0.600122,1.86794,0,1.78656,0,0,0
-2.46732,1.74732,0,1.75148,0,0,0,-0.600093,1.86781,0,1.78427,0,0,0
-2.46712,1.74803,0,1.75096,0,0,0,-0.600166,1.86764,0,1.78023,0,0,0
-2.46673,1.74803,0,1.75092,0,0,0,-0.60003,1.86732,0,1.77844,0,0,0
-2.4667,1.7476,0,1.74973,0,0,0,-0.60001,1.86755,0,1.77491,0,0,0
-2.46694,1.74868,0,1.7486,0,0,0,-0.59984,1.86684,0,1.77303,0,0,0
-2.46654,1.74862,0,1.74853,0,0,0,-0.59967,1.86651,0,1.76865,0,0,0
-2.46642,1.74906,0,1.74819,0,0,0,-0.599621,1.86608,0,1.76832,0,0,0
-2.46624,1.74918,0,1.74746,0,0,0,-0.604234,1.86485,0,1.77151,0,0,0
-2.46588,1.7501,0,1.74669,0,0,0,-0.602574,1.86535,0,1.76704,0,0,0
-2.466,1.74978,0,1.74672,0,0,0,-0.602771,1.86542,0,1.76543,0,0,0
-2.46554,1.75065,0,1.74526,0,0,0,-0.60228,1.86582,0,1.76262,0,0,0
-2.4653,1.75132,0,1.74495,0,0,0,-0.602393,1.86542,0,1.76156,0,0,0
-2.46506,1.75186,0,1.74355,0,0,0,-0.60681,1.86313,0,1.76453,0,0,0
-2.46478,1.7512,0,1.7435,0,0,0,-0.61006,1.86162,0,1.76534,0,0,0
-2.46434,1.75151,0,1.74088,0,0,0,-0.61077,1.86188,0,1.76418,0,0,0
-2.46371,1.75141,0,1.73925,0,0,0,-0.613034,1.86015,0,1.76539,0,0,0
-2.46457,1.75032,0,1.73823,0,0,0,-0.613584,1.85968,0,1.76355,0,0,0
-2.46453,1.75036,0,1.73397,0,0,0,-0.61511,1.85876,0,1.761,0,0,0
-2.4649,1.75005,0,1.7316,0,0,0,-0.616283,1.85941,0,1.75603,0,0,0
-2.46524,1.75044,0,1.72283,0,0,0,-0.61692,1.8593,0,1.74956,0,0,0
-2.46569,1.75082,0,1.71423,0,0,0,-0.618302,1.85854,0,1.74275,0,0,0
-2.4657,1.75109,0,1.70769,0,0,0,-0.618689,1.85828,0,1.72871,0,0,0
-2.46489,1.75262,0,1.6987,0,0,0,-0.618482,1.85792,0,1.71271,0,0,0
-2.46488,1.75366,0,1.68551,0,0,0,-0.615609,1.8589,0,1.69117,0,0,0
-2.46483,1.75395,0,1.67184,0,0,0,-0.613042,1.85926,0,1.67006,0,0,0
-2.46489,1.75536,0,1.65884,0,0,0,-0.609501,1.85976,0,1.64058,0,0,0
-2.46465,1.7567,0,1.64159,0,0,0,-0.603921,1.86116,0,1.61563,0,0,0
-2.46495,1.75799,0,1.63484,0,0,0,-0.598503,1.86244,0,1.58277,0,0,0
-2.46688,1.75659,0,1.62371,0,0,0,-0.596869,1.86265,0,1.55091,0,0,0
-2.46769,1.76097,0,1.57305,0,0,0,-0.594898,1.8631,0,1.49858,0,0,0
-2.46879,1.76316,0,1.56175,0,0,0,-0.590171,1.86486,0,1.476,0,0,0
-2.47063,1.76783,0,1.54357,0,0,0,-0.587416,1.86583,0,1.43385,0,0,0
-2.47287,1.7722,0,1.51837,0,0,0,-0.586533,1.86599,0,1.3923,0,0,0
-2.47362,1.77587,0,1.45856,0,0,0,-0.585057,1.86716,0,1.34183,0,0,0
-2.47566,1.77986,0,1.43643,0,0,0,-0.584911,1.86755,0,1.29722,0,0,0
-2.47717,1.78477,0,1.40973,0,0,0,-0.584596,1.86779,0,1.25519,0,0,0
-2.47901,1.78762,0,1.38954,0,0,0,-0.585238,1.86813,0,1.21314,0,0,0
-2.4803,1.79059,0,1.33442,0,0,0,-0.585517,1.86828,0,1.16614,0,0,0
-2.47932,1.78896,0,1.29224,0,0,0,-0.587154,1.86888,0,1.08815,0,0,0
-2.48009,1.78819,0,1.23548,0,0,0,-0.589262,1.86972,0,1.06715,0,0,0
-2.48041,1.78883,0,1.20632,0,0,0,-0.593019,1.86888,0,1.03706,0,0,0
-2.48016,1.78931,0,1.16508,0,0,0,-0.597989,1.86713,0,1.00652,0,0,0
-2.48006,1.78468,0,1.13539,0,0,0,-0.60485,1.86635,0,0.973786,0,0,0
-2.47893,1.78723,0,1.09172,0,0,0,-0.610664,1.86532,0,0.94325,0,0,0
-2.47757,1.77326,0,1.0819,0,0,0,-0.616805,1.86282,0,0.92762,0,0,0
-2.47666,1.77203,0,1.05974,0,0,0,-0.621528,1.8609,0,0.907542,0,0,0
-2.47215,1.78336,0,1.02862,0,0,0,-0.623349,1.8604,0,0.860119,0,0,0
-2.4691,1.78861,0,0.997567,0,0,0,-0.62535,1.8595,0,0.836604,0,0,0
-2.4652,1.7926,0,0.971714,0,0,0,-0.626408,1.85871,0,0.802797,0,0,0
-2.45907,1.7984,0,0.939847,0,0,0,-0.629022,1.85884,0,0.778109,0,0,0
-2.4575,1.8022,0,0.906412,0,0,0,-0.63261,1.85851,0,0.753261,0,0,0
-2.45532,1.80514,0,0.874977,0,0,0,-0.636174,1.85888,0,0.726097,0,0,0
-2.45281,1.80936,0,0.847203,0,0,0,-0.638107,1.85927,0,0.700481,0,0,0
-2.45013,1.81292,0,0.820677,0,0,0,-0.63942,1.85995,0,0.671408,0,0,0
-2.44874,1.81572,0,0.798502,0,0,0,-0.641828,1.86072,0,0.642859,0,0,0
-2.44716,1.81982,0,0.765749,0,0,0,-0.643164,1.86141,0,0.61749,0,0,0
-2.44538,1.82556,0,0.741086,0,0,0,-0.644538,1.86247,0,0.593845,0,0,0
-2.44397,1.82984,0,0.719114,0,0,0,-0.644898,1.86332,0,0.572899,0,0,0
-2.44256,1.83384,0,0.697014,0,0,0,-0.646908,1.86461,0,0.553011,0,0,0
-2.44144,1.83829,0,0.676861,0,0,0,-0.647944,1.86698,0,0.533724,0,0,0
-2.44002,1.84136,0,0.657629,0,0,0,-0.648856,1.8682,0,0.519225,0,0,0
-2.43998,1.84341,0,0.645796,0,0,0,-0.649426,1.86885,0,0.503071,0,0,0
-2.43966,1.84492,0,0.629439,0,0,0,-0.649987,1.8699,0,0.487907,0,0,0
-2.43885,1.84617,0,0.6238,0,0,0,-0.651273,1.87084,0,0.478884,0,0,0
-2.43799,1.8477,0,0.618172,0,0,0,-0.651911,1.87116,0,0.464134,0,0,0
-2.4377,1.84796,0,0.615385,0,0,0,-0.653136,1.87188,0,0.460649,0,0,0
-2.43689,1.8477,0,0.614638,0,0,0,-0.655033,1.87242,0,0.458752,0,0,0
-2.43619,1.84785,0,0.614047,0,0,0,-0.655799,1.87267,0,0.457698,0,0,0
-2.43619,1.84799,0,0.612129,0,0,0,-0.656693,1.87314,0,0.456746,0,0,0
-2.43604,1.84818,0,0.610863,0,0,0,-0.657348,1.87318,0,0.456296,0,0,0
-2.43572,1.8484,0,0.610224,0,0,0,-0.657821,1.8737,0,0.456412,0,0,0
-2.43571,1.84889,0,0.609425,0,0,0,-0.658118,1.87379,0,0.459019,0,0,0
-2.43553,1.84934,0,0.608739,0,0,0,-0.658549,1.87373,0,0.457999,0,0,0
-2.43564,1.8499,0,0.607541,0,0,0,-0.658817,1.87432,0,0.454757,0,0,0
-2.4355,1.84979,0,0.607393,0,0,0,-0.659161,1.87481,0,0.453467,0,0,0
-2.43596,1.84928,0,0.607053,0,0,0,-0.659625,1.87496,0,0.45317,0,0,0
-2.43626,1.84871,0,0.607236,0,0,0,-0.66018,1.87523,0,0.453194,0,0,0
-2.43622,1.8487,0,0.60692,0,0,0,-0.660715,1.87491,0,0.453781,0,0,0
-2.43596,1.84876,0,0.607127,0,0,0,-0.661222,1.87524,0,0.453611,0,0,0
-2.43606,1.84843,0,0.60722,0,0,0,-0.661816,1.87565,0,0.453855,0,0,0
-2.43637,1.84839,0,0.60692,0,0,0,-0.662304,1.87589,0,0.454208,0,0,0
-2.43654,1.84832,0,0.606756,0,0,0,-0.662302,1.87662,0,0.453996,0,0,0
-2.43657,1.84847,0,0.606608,0,0,0,-0.662966,1.87734,0,0.451227,0,0,0
-2.43665,1.84824,0,0.606591,0,0,0,-0.663389,1.87742,0,0.450501,0,0,0
-2.43718,1.84816,0,0.606321,0,0,0,-0.664112,1.8773,0,0.453999,0,0,0
-2.43735,1.84795,0,0.605883,0,0,0,-0.664764,1.87759,0,0.45259,0,0,0
-2.43758,1.84811,0,0.605748,0,0,0,-0.66602,1.87853,0,0.453526,0,0,0
-2.43783,1.84788,0,0.605907,0,0,0,-0.666432,1.87848,0,0.453515,0,0,0
-2.43822,1.84694,0,0.60611,0,0,0,-0.666742,1.87825,0,0.452879,0,0,0
-2.43825,1.84649,0,0.606505,0,0,0,-0.667595,1.87815,0,0.454429,0,0,0
-2.43959,1.84568,0,0.606584,0,0,0,-0.668028,1.87847,0,0.454857,0,0,0
-2.44046,1.84483,0,0.606905,0,0,0,-0.668767,1.87853,0,0.456381,0,0,0
-2.44145,1.84376,0,0.60856,0,0,0,-0.669186,1.87841,0,0.457896,0,0,0
-2.44198,1.84347,0,0.612161,0,0,0,-0.66923,1.87844,0,0.459213,0,0,0
-2.44241,1.84292,0,0.618675,0,0,0,-0.668794,1.87803,0,0.472977,0,0,0
-2.44281,1.84067,0,0.625504,0,0,0,-0.668608,1.87846,0,0.480044,0,0,0
-2.44389,1.84002,0,0.633518,0,0,0,-0.668291,1.8785,0,0.487216,0,0,0
-2.27096,1.73345,0,0.982652,0,0,0,-0.668318,1.87867,0,0.498576,0,0,0
-2.43155,1.79912,0,0.69903,0,0,0,-0.668305,1.87803,0,0.509128,0,0,0
-2.43686,1.80424,0,0.699894,0,0,0,-0.667485,1.87718,0,0.528441,0,0,0
-2.43913,1.8069,0,0.705648,0,0,0,-0.667291,1.87701,0,0.541033,0,0,0
-2.44163,1.80923,0,0.715962,0,0,0,-0.66664,1.87634,0,0.555527,0,0,0
-2.44422,1.80932,0,0.726017,0,0,0,-0.665501,1.87565,0,0.565844,0,0,0
-2.4476,1.80952,0,0.735274,0,0,0,-0.663546,1.87374,0,0.579858,0,0,0
-2.44989,1.80938,0,0.74759,0,0,0,-0.662737,1.8727,0,0.593264,0,0,0
-2.45236,1.80729,0,0.762478,0,0,0,-0.661859,1.87045,0,0.612068,0,0,0
-2.45482,1.80654,0,0.777521,0,0,0,-0.660486,1.86935,0,0.62711,0,0,0
-2.45706,1.80341,0,0.791428,0,0,0,-0.659292,1.86858,0,0.646582,0,0,0
-2.46028,1.79751,0,0.813555,0,0,0,-0.657155,1.86792,0,0.664222,0,0,0
-2.46287,1.79653,0,0.827945,0,0,0,-0.657369,1.86907,0,0.686455,0,0,0
-2.46454,1.79048,0,0.85368,0,0,0,-0.656571,1.86882,0,0.713682,0,0,0
-2.46748,1.79012,0,0.880495,0,0,0,-0.655101,1.86784,0,0.73669,0,0,0
-2.47324,1.78536,0,0.909979,0,0,0,-0.651282,1.86631,0,0.766357,0,0,0
-2.47375,1.78654,0,0.935678,0,0,0,-0.648927,1.86577,0,0.800941,0,0,0
-2.47698,1.78374,0,0.967315,0,0,0,-0.64583,1.8653,0,0.865655,0,0,0
-2.48029,1.78208,0,0.997434,0,0,0,-0.644537,1.86519,0,0.896809,0,0,0
-2.48496,1.78361,0,1.0591,0,0,0,-0.64286,1.86533,0,0.928831,0,0,0
-2.48872,1.78464,0,1.07928,0,0,0,-0.636976,1.86686,0,0.958966,0,0,0
-2.49269,1.78499,0,1.1148,0,0,0,-0.632057,1.86775,0,1.01452,0,0,0
-2.49419,1.7859,0,1.15733,0,0,0,-0.622953,1.87073,0,1.03401,0,0,0
-2.49631,1.78678,0,1.19394,0,0,0,-0.615036,1.8727,0,1.06025,0,0,0
-2.49799,1.7879,0,1.23596,0,0,0,-0.6074,1.87353,0,1.13366,0,0,0
-2.49989,1.7875,0,1.27499,0,0,0,-0.600303,1.87413,0,1.15939,0,0,0
-2.50108,1.78376,0,1.35815,0,0,0,-0.595118,1.87631,0,1.21321,0,0,0
-2.50211,1.78182,0,1.37815,0,0,0,-0.589742,1.87891,0,1.24172,0,0,0
-2.50258,1.77955,0,1.40001,0,0,0,-0.585428,1.88079,0,1.29269,0,0,0
-2.50348,1.77984,0,1.42565,0,0,0,-0.582036,1.88154,0,1.33039,0,0,0
-2.50471,1.77835,0,1.46283,0,0,0,-0.578366,1.88298,0,1.38483,0,0,0
-2.50503,1.77768,0,1.49199,0,0,0,-0.576446,1.88349,0,1.42824,0,0,0
-2.50543,1.7773,0,1.51401,0,0,0,-0.576501,1.88402,0,1.46821,0,0,0
-2.50449,1.77661,0,1.54465,0,0,0,-0.574889,1.88488,0,1.51901,0,0,0
-2.49933,1.76702,0,1.57605,0,0,0,-0.573516,1.885,0,1.55117,0,0,0
-2.49889,1.76528,0,1.60269,0,0,0,-0.573679,1.88392,0,1.58007,0,0,0
-2.49731,1.76415,0,1.6254,0,0,0,-0.57786,1.88313,0,1.6105,0,0,0
-2.49661,1.75497,0,1.64552,0,0,0,-0.578904,1.88251,0,1.64442,0,0,0
-2.49615,1.75546,0,1.6604,0,0,0,-0.57825,1.88288,0,1.6704,0,0,0
-2.49513,1.75569,0,1.68535,0,0,0,-0.578156,1.88193,0,1.70318,0,0,0
-2.4953,1.75617,0,1.71006,0,0,0,-0.578207,1.88165,0,1.72132,0,0,0
-2.49285,1.75353,0,1.73614,0,0,0,-0.578913,1.88104,0,1.74358,0,0,0
-2.49328,1.75305,0,1.75388,0,0,0,-0.57843,1.8814,0,1.76383,0,0,0
-2.49132,1.75204,0,1.76878,0,0,0,-0.578132,1.88154,0,1.77978,0,0,0
-2.48935,1.7502,0,1.78184,0,0,0,-0.577891,1.88157,0,1.79323,0,0,0
-2.48796,1.7492,0,1.79048,0,0,0,-0.578342,1.88189,0,1.8065,0,0,0
-2.48631,1.74719,0,1.79939,0,0,0,-0.578321,1.88143,0,1.81361,0,0,0
-2.48544,1.74709,0,1.80383,0,0,0,-0.578099,1.88178,0,1.81751,0,0,0
-2.48439,1.7446,0,1.80872,0,0,0,-0.578306,1.88165,0,1.82103,0,0,0
-2.48404,1.74441,0,1.81132,0,0,0,-0.578299,1.88168,0,1.8266,0,0,0
-2.48351,1.74389,0,1.81448,0,0,0,-0.578359,1.88145,0,1.82942,0,0,0
-2.48288,1.74363,0,1.81642,0,0,0,-0.57849,1.88161,0,1.83067,0,0,0
-2.48194,1.74328,0,1.8191,0,0,0,-0.578302,1.88281,0,1.83006,0,0,0
-2.48126,1.74253,0,1.82092,0,0,0,-0.57848,1.88289,0,1.83018,0,0,0
-2.48099,1.74276,0,1.82221,0,0,0,-0.579218,1.88272,0,1.83043,0,0,0
-2.4807,1.74249,0,1.82315,0,0,0,-0.579139,1.88276,0,1.83129,0,0,0
-2.48021,1.74293,0,1.82399,0,0,0,-0.578988,1.88245,0,1.83169,0,0,0
-2.47947,1.74397,0,1.82443,0,0,0,-0.57876,1.88225,0,1.83308,0,0,0
-2.47867,1.74449,0,1.82444,0,0,0,-0.577923,1.88227,0,1.83169,0,0,0
-2.4788,1.74403,0,1.82555,0,0,0,-0.578019,1.8822,0,1.83143,0,0,0
-2.47826,1.74501,0,1.82614,0,0,0,-0.57782,1.88175,0,1.83118,0,0,0
-2.47793,1.7451,0,1.82666,0,0,0,-0.577801,1.88189,0,1.83124,0,0,0
-2.47669,1.7463,0,1.82727,0,0,0,-0.578077,1.88252,0,1.83138,0,0,0
-2.4765,1.74593,0,1.82774,0,0,0,-0.578783,1.88209,0,1.83211,0,0,0
-2.476,1.74672,0,1.82791,0,0,0,-0.578645,1.88237,0,1.8326,0,0,0
-2.47756,1.74813,0,1.82668,0,0,0,-0.578589,1.88239,0,1.83258,0,0,0
-2.47732,1.74816,0,1.82704,0,0,0,-0.578674,1.88236,0,1.83244,0,0,0
-2.47701,1.74791,0,1.82723,0,0,0,-0.578125,1.88236,0,1.83223,0,0,0
-2.47622,1.74818,0,1.82796,0,0,0,-0.578449,1.88202,0,1.83325,0,0,0
-2.47772,1.74955,0,1.82735,0,0,0,-0.578016,1.88218,0,1.83342,0,0,0
-2.47791,1.75034,0,1.82736,0,0,0,-0.578558,1.88218,0,1.83403,0,0,0
-2.47749,1.75014,0,1.82773,0,0,0,-0.578374,1.88222,0,1.83449,0,0,0
-2.47701,1.74997,0,1.82793,0,0,0,-0.578166,1.88213,0,1.83474,0,0,0
-2.47633,1.7498,0,1.82749,0,0,0,-0.578207,1.88204,0,1.83434,0,0,0
-2.47514,1.74779,0,1.82944,0,0,0,-0.578625,1.88245,0,1.83311,0,0,0
-2.47623,1.74823,0,1.82372,0,0,0,-0.579247,1.88233,0,1.83197,0,0,0
-2.47611,1.748,0,1.81966,0,0,0,-0.580095,1.88246,0,1.83089,0,0,0
-2.47574,1.74766,0,1.81308,0,0,0,-0.579587,1.88252,0,1.82508,0,0,0
-2.47511,1.74747,0,1.79639,0,0,0,-0.579545,1.88247,0,1.81777,0,0,0
-2.47438,1.74715,0,1.77602,0,0,0,-0.579627,1.88179,0,1.80765,0,0,0
-2.47376,1.74756,0,1.75552,0,0,0,-0.579176,1.88161,0,1.78595,0,0,0
-2.47421,1.74874,0,1.72968,0,0,0,-0.582768,1.88155,0,1.76238,0,0,0
-2.47493,1.74932,0,1.69062,0,0,0,-0.581491,1.88235,0,1.72733,0,0,0
-2.47994,1.74166,0,1.65779,0,0,0,-0.585534,1.88255,0,1.68303,0,0,0
-2.48751,1.74818,0,1.59392,0,0,0,-0.57701,1.88605,0,1.55413,0,0,0
-2.49113,1.75932,0,1.53826,0,0,0,-0.573938,1.88739,0,1.48943,0,0,0
-2.49651,1.77488,0,1.47262,0,0,0,-0.570075,1.88674,0,1.39616,0,0,0
-2.5031,1.78036,0,1.42024,0,0,0,-0.569064,1.88557,0,1.3006,0,0,0
-2.50471,1.78489,0,1.34586,0,0,0,-0.56774,1.88356,0,1.21837,0,0,0
-2.50242,1.79762,0,1.2705,0,0,0,-0.564876,1.8777,0,1.13371,0,0,0
-2.49933,1.79907,0,1.20794,0,0,0,-0.565286,1.87604,0,1.0639,0,0,0
-2.49685,1.78871,0,1.12901,0,0,0,-0.571019,1.87277,0,0.992443,0,0,0
-2.48971,1.7962,0,1.08472,0,0,0,-0.57591,1.86919,0,0.91768,0,0,0
-2.47679,1.79869,0,1.04799,0,0,0,-0.576425,1.86637,0,0.839166,0,0,0
-2.47093,1.79699,0,1.00248,0,0,0,-0.577896,1.86653,0,0.75266,0,0,0
-2.45705,1.78915,0,0.979955,0,0,0,-0.586056,1.86622,0,0.702987,0,0,0
-2.43521,1.79848,0,0.95197,0,0,0,-0.585437,1.86469,0,0.661781,0,0,0
-2.42063,1.7987,0,0.932956,0,0,0,-0.585139,1.86606,0,0.616243,0,0,0
-2.4044,1.80351,0,0.903733,0,0,0,-0.586848,1.86844,0,0.583977,0,0,0
-2.39245,1.81043,0,0.9011,0,0,0,-0.587576,1.86656,0,0.56198,0,0,0
-2.19866,1.67799,0,1.31054,0,0,0,-0.595722,1.87043,0,0.556828,0,0,0
-2.18534,1.63595,0,1.34813,0,0,0,-0.601997,1.86585,0,0.559632,0,0,0
-2.19908,1.72865,0,1.28645,0,0,0,-0.6256,1.8673,0,0.577724,0,0,0
-2.18004,1.72505,0,1.30836,0,0,0,-0.640659,1.85718,0,0.594888,0,0,0
-2.15369,1.71245,0,1.35453,0,0,0,-0.669212,1.84493,0,0.62958,0,0,0
-2.10927,1.62384,0,1.48063,0,0,0,-0.709465,1.83134,0,0.668185,0,0,0
-2.17598,1.81787,0,1.15408,0,0,0,-0.751072,1.81716,0,0.707941,0,0,0
-2.15961,1.78848,0,1.20505,0,0,0,-0.791098,1.7897,0,0.740555,0,0,0
-2.12117,1.78222,0,1.21303,0,0,0,-0.825133,1.75148,0,0.753373,0,0,0
-2.09028,1.77827,0,1.16808,0,0,0,-0.86636,1.7275,0,0.730842,0,0,0
-2.0082,1.81859,0,1.15031,0,0,0,-0.908397,1.70956,0,0.736895,0,0,0
-2.00936,1.78182,0,1.09982,0,0,0,-0.941588,1.68482,0,0.711673,0,0,0
-2.05477,1.85992,0,0.943976,0,0,0,-0.98654,1.66165,0,0.705586,0,0,0
-2.06083,1.9419,0,0.91793,0,0,0,-1.01925,1.6513,0,0.661014,0,0,0
-2.06752,1.92608,0,0.855032,0,0,0,-1.07198,1.64438,0,0.628811,0,0,0
-2.0706,1.96037,0,0.819723,0,0,0,-1.10697,1.63629,0,0.57608,0,0,0
-2.07478,1.9007,0,0.842371,0,0,0,-1.16101,1.62744,0,0.535851,0,0,0
-2.05224,1.88313,0,0.791483,0,0,0,-1.21396,1.63034,0,0.490833,0,0,0
-1.90712,1.80463,0,0.631338,0,0,0,-1.25506,1.62301,0,0.449498,0,0,0
-1.89271,1.7722,0,0.637918,0,0,0,-1.28994,1.6429,0,0.401751,0,0,0
-1.87832,1.73644,0,0.601144,0,0,0,-1.32437,1.6467,0,0.367004,0,0,0
-1.87586,1.72687,0,0.607781,0,0,0,-1.35501,1.68766,0,0.318185,0,0,0
-1.86655,1.71714,0,0.598206,0,0,0,-1.38567,1.68961,0,0.347397,0,0,0
-1.86546,1.70671,0,0.60162,0,0,0,-1.41736,1.73333,0,0.349841,0,0,0
-1.8626,1.6874,0,0.614859,0,0,0,-1.43891,1.74648,0,0.370499,0,0,0
-1.86052,1.67884,0,0.652178,0,0,0,-1.45572,1.78008,0,0.383645,0,0,0
-1.86618,1.683,0,0.647907,0,0,0,-1.47661,1.77875,0,0.471857,0,0,0
-1.87013,1.69057,0,0.673902,0,0,0,-1.48617,1.78916,0,0.485591,0,0,0
-1.86604,1.68726,0,0.675778,0,0,0,-1.49376,1.80282,0,0.520802,0,0,0
-1.86678,1.6989,0,0.733022,0,0,0,-1.49366,1.8112,0,0.541794,0,0,0
-1.87222,1.71235,0,0.686868,0,0,0,-1.48917,1.81343,0,0.562057,0,0,0
-1.87049,1.71015,0,0.72085,0,0,0,-1.49028,1.81298,0,0.577749,0,0,0
-1.87369,1.71191,0,0.715488,0,0,0,-1.47597,1.82008,0,0.590416,0,0,0
-1.87072,1.71067,0,0.740139,0,0,0,-1.44871,1.81695,0,0.588468,0,0,0
-1.86985,1.71779,0,0.734945,0,0,0,-1.43026,1.79962,0,0.641412,0,0,0
-1.87383,1.73245,0,0.715036,0,0,0,-1.41102,1.78466,0,0.623863,0,0,0
-1.86882,1.75076,0,0.670503,0,0,0,-1.39077,1.75381,0,0.633218,0,0,0
-1.86449,1.7854,0,0.617786,0,0,0,-1.39101,1.70987,0,0.67391,0,0,0
-1.8605,1.77489,0,0.613014,0,0,0,-1.38976,1.65618,0,0.739347,0,0,0
-1.85838,1.78423,0,0.572317,0,0,0,-1.38568,1.65425,0,0.759642,0,0,0
-1.86101,1.77606,0,0.546714,0,0,0,-1.37905,1.64508,0,0.767275,0,0,0
-1.8576,1.76484,0,0.523433,0,0,0,-1.35187,1.76479,0,0.6215,0,0,0
-1.86926,1.72951,0,0.530839,0,0,0,-1.37982,1.54262,0,0.977253,0,0,0
-1.88097,1.68833,0,0.544442,0,0,0,-1.30218,1.70449,0,0.695951,0,0,0
-1.90641,1.64791,0,0.563627,0,0,0,-1.30182,1.65414,0,0.784724,0,0,0
-1.91095,1.67902,0,0.531387,0,0,0,-1.28175,1.74585,0,0.662708,0,0,0
-1.96421,1.53131,0,0.636639,0,0,0,-1.2705,1.61554,0,0.782652,0,0,0
-1.9688,1.53669,0,0.62003,0,0,0,-1.2563,1.67834,0,0.703231,0,0,0
-1.98393,1.51107,0,0.630786,0,0,0,-1.2577,1.65902,0,0.719398,0,0,0
-1.99614,1.48529,0,0.638069,0,0,0,-1.25415,1.63865,0,0.736073,0,0,0
-2.00503,1.4575,0,0.643972,0,0,0,-1.26079,1.62242,0,0.73913,0,0,0
-2.00542,1.44781,0,0.632683,0,0,0,-1.25991,1.64736,0,0.696587,0,0,0
-2.02401,1.40432,0,0.649675,0,0,0,-1.26961,1.57767,0,0.749624,0,0,0
-2.03661,1.38672,0,0.656536,0,0,0,-1.27432,1.56227,0,0.745892,0,0,0
-2.0488,1.37425,0,0.664563,0,0,0,-1.27965,1.54337,0,0.752491,0,0,0
-2.04348,1.3893,0,0.641943,0,0,0,-1.26137,1.57923,0,0.708342,0,0,0
-2.08494,1.34146,0,0.693838,0,0,0,-1.28187,1.52509,0,0.758798,0,0,0
-2.10175,1.3281,0,0.706925,0,0,0,-1.29239,1.50005,0,0.775439,0,0,0
-2.11156,1.32141,0,0.710438,0,0,0,-1.28858,1.4958,0,0.773634,0,0,0
-2.12324,1.30928,0,0.718249,0,0,0,-1.304,1.47644,0,0.788211,0,0,0
-2.1331,1.29903,0,0.724399,0,0,0,-1.31702,1.45776,0,0.802013,0,0,0
-2.14066,1.29119,0,0.726024,0,0,0,-1.32714,1.44286,0,0.814592,0,0,0
-2.15069,1.28581,0,0.721128,0,0,0,-1.33313,1.42798,0,0.829443,0,0,0
-2.15666,1.27965,0,0.722771,0,0,0,-1.33841,1.417,0,0.839139,0,0,0
-2.16356,1.27721,0,0.718281,0,0,0,-1.34105,1.40957,0,0.845422,0,0,0
-2.16976,1.27329,0,0.719896,0,0,0,-1.34443,1.4046,0,0.845936,0,0,0
-2.17549,1.26988,0,0.723361,0,0,0,-1.34661,1.39586,0,0.852201,0,0,0
-2.18015,1.26724,0,0.725067,0,0,0,-1.34707,1.39245,0,0.852944,0,0,0
-2.18268,1.26697,0,0.725389,0,0,0,-1.34857,1.38679,0,0.85768,0,0,0
-2.18667,1.26699,0,0.723616,0,0,0,-1.35112,1.38226,0,0.86328,0,0,0
-2.18891,1.26525,0,0.725282,0,0,0,-1.35215,1.37804,0,0.867357,0,0,0
-2.19215,1.26672,0,0.72135,0,0,0,-1.35312,1.37439,0,0.870789,0,0,0
-2.19494,1.26628,0,0.721836,0,0,0,-1.35605,1.37167,0,0.873977,0,0,0
-2.19667,1.26574,0,0.723255,0,0,0,-1.35807,1.36947,0,0.877151,0,0,0
-2.19942,1.26604,0,0.721671,0,0,0,-1.35843,1.36839,0,0.878136,0,0,0
-2.20187,1.26585,0,0.721891,0,0,0,-1.36021,1.366,0,0.882125,0,0,0
-2.20428,1.26616,0,0.720275,0,0,0,-1.36055,1.36495,0,0.883114,0,0,0
-2.20643,1.26669,0,0.720006,0,0,0,-1.36163,1.36421,0,0.884262,0,0,0
-2.20906,1.26615,0,0.721811,0,0,0,-1.36264,1.36365,0,0.885423,0,0,0
-2.21018,1.26593,0,0.721617,0,0,0,-1.36361,1.36291,0,0.88665,0,0,0
-2.21185,1.26599,0,0.721773,0,0,0,-1.36403,1.36253,0,0.887252,0,0,0
-2.21237,1.26546,0,0.721901,0,0,0,-1.36475,1.36243,0,0.888109,0,0,0
-2.21466,1.26492,0,0.723292,0,0,0,-1.36611,1.36183,0,0.889711,0,0,0
-2.21678,1.26442,0,0.723761,0,0,0,-1.36697,1.36148,0,0.891284,0,0,0
-2.21801,1.2645,0,0.723728,0,0,0,-1.36855,1.36182,0,0.891972,0,0,0
-2.21869,1.26406,0,0.724754,0,0,0,-1.36919,1.3618,0,0.892691,0,0,0
-2.22061,1.26354,0,0.725756,0,0,0,-1.37069,1.36221,0,0.893684,0,0,0
-2.2215,1.26316,0,0.726975,0,0,0,-1.37163,1.36257,0,0.8943,0,0,0
-2.22417,1.26326,0,0.727363,0,0,0,-1.37248,1.36292,0,0.894695,0,0,0
-2.22628,1.26294,0,0.729603,0,0,0,-1.37446,1.36401,0,0.894999,0,0,0
-2.22993,1.26276,0,0.731373,0,0,0,-1.37539,1.36469,0,0.895042,0,0,0
-2.23138,1.26282,0,0.73234,0,0,0,-1.37604,1.36542,0,0.89513,0,0,0
-2.23341,1.26305,0,0.733776,0,0,0,-1.37709,1.36644,0,0.895203,0,0,0
-2.23514,1.26321,0,0.734511,0,0,0,-1.37854,1.36682,0,0.896358,0,0,0
-2.23641,1.26359,0,0.734647,0,0,0,-1.3788,1.36729,0,0.896157,0,0,0
-2.23839,1.26359,0,0.736267,0,0,0,-1.37971,1.36856,0,0.896042,0,0,0
-2.23996,1.2637,0,0.736961,0,0,0,-1.38087,1.36929,0,0.896153,0,0,0
-2.24058,1.26384,0,0.737111,0,0,0,-1.38139,1.37036,0,0.895646,0,0,0
-2.24216,1.26387,0,0.738097,0,0,0,-1.38249,1.3718,0,0.89495,0,0,0
-2.24373,1.26457,0,0.738707,0,0,0,-1.38308,1.37247,0,0.894939,0,0,0
-2.24484,1.26477,0,0.739485,0,0,0,-1.3841,1.37337,0,0.894796,0,0,0
-2.24676,1.26483,0,0.740767,0,0,0,-1.38453,1.37432,0,0.894859,0,0,0
-2.2481,1.26505,0,0.741773,0,0,0,-1.38546,1.37512,0,0.894956,0,0,0
-2.24879,1.26557,0,0.74204,0,0,0,-1.38564,1.37486,0,0.896204,0,0,0
-2.24982,1.26622,0,0.742689,0,0,0,-1.38665,1.37687,0,0.895611,0,0,0
-2.25079,1.2663,0,0.743206,0,0,0,-1.38825,1.37831,0,0.895901,0,0,0
-2.2521,1.26667,0,0.744261,0,0,0,-1.38876,1.3781,0,0.896497,0,0,0
-2.25286,1.26696,0,0.744852,0,0,0,-1.38901,1.37771,0,0.89756,0,0,0
-2.25395,1.26708,0,0.745896,0,0,0,-1.38911,1.37775,0,0.89797,0,0,0
-2.25462,1.26734,0,0.746189,0,0,0,-1.38943,1.37815,0,0.897893,0,0,0
-2.25543,1.26765,0,0.746378,0,0,0,-1.38963,1.3785,0,0.897381,0,0,0
-2.25672,1.26753,0,0.747588,0,0,0,-1.38959,1.37859,0,0.897176,0,0,0
-2.2572,1.26769,0,0.747733,0,0,0,-1.39012,1.37883,0,0.897654,0,0,0
-2.25793,1.26784,0,0.74838,0,0,0,-1.39122,1.37963,0,0.897937,0,0,0
-2.25893,1.26776,0,0.749134,0,0,0,-1.39339,1.38038,0,0.899416,0,0,0
-2.25974,1.26803,0,0.749959,0,0,0,-1.39415,1.38006,0,0.900485,0,0,0
-2.26128,1.2678,0,0.750995,0,0,0,-1.39438,1.38014,0,0.900243,0,0,0
-2.26252,1.26813,0,0.752088,0,0,0,-1.39426,1.37991,0,0.900194,0,0,0
