-0.33186,0.133174,1.51866,-0.380192,-0.061728,1.42165,-0.275214,-0.246499,1.28085,-0.0301447,0.129534,1.68205,0.0102916,-0.122844,1.62593,0.0369295,-0.294196,1.48934
-0.331451,0.132145,1.52214,-0.379889,-0.0639671,1.42546,-0.275981,-0.24811,1.28448,-0.0295896,0.127385,1.68346,0.0110703,-0.124888,1.62757,0.0369086,-0.295821,1.49136
-0.329293,0.12878,1.53179,-0.378357,-0.070169,1.43634,-0.280068,-0.254511,1.29932,-0.0262371,0.124399,1.69186,0.013836,-0.128877,1.63521,0.0378958,-0.300241,1.49688
-0.32472,0.123995,1.54492,-0.376779,-0.0770958,1.4499,-0.285234,-0.260339,1.31226,-0.0216115,0.115873,1.69912,0.0174993,-0.133393,1.64331,0.0397244,-0.304271,1.50371
-0.32065,0.120084,1.55653,-0.374375,-0.0835567,1.46538,-0.290995,-0.266895,1.32895,-0.0153324,0.108911,1.70848,0.0222716,-0.140439,1.65348,0.0421024,-0.308035,1.51488
-0.314848,0.115675,1.56958,-0.371937,-0.0894257,1.47984,-0.293959,-0.272657,1.34027,-0.00913062,0.104564,1.71616,0.0299215,-0.146554,1.66372,0.0459916,-0.312607,1.52459
-0.308737,0.112961,1.5821,-0.368139,-0.0944569,1.49444,-0.296236,-0.279941,1.35227,-0.00168428,0.100489,1.72416,0.0357818,-0.148219,1.66987,0.049637,-0.316179,1.53134
-0.30298,0.111079,1.59371,-0.36469,-0.0980616,1.50869,-0.29945,-0.283528,1.36767,0.00665876,0.0978655,1.73209,0.0436478,-0.150761,1.67709,0.055129,-0.320778,1.53766
-0.298254,0.109607,1.60344,-0.361751,-0.101763,1.52136,-0.300473,-0.287295,1.37836,0.0123582,0.0967552,1.73682,0.0506064,-0.151861,1.68367,0.060076,-0.323741,1.54326
-0.294211,0.107905,1.61465,-0.358249,-0.104555,1.53399,-0.301476,-0.291553,1.38922,0.0192163,0.095721,1.74299,0.057578,-0.153384,1.68986,0.0660357,-0.326376,1.54979
-0.290759,0.106218,1.62373,-0.35478,-0.107827,1.54422,-0.303424,-0.292705,1.39943,0.0271634,0.0941896,1.74989,0.0644337,-0.155954,1.6944,0.0768278,-0.324773,1.55981
-0.288124,0.104628,1.63237,-0.352239,-0.11136,1.55559,-0.303346,-0.2949,1.40691,0.0337951,0.0928926,1.75632,0.0724249,-0.15906,1.69943,0.0853311,-0.323034,1.56765
-0.285954,0.103385,1.63886,-0.35063,-0.112438,1.56202,-0.303803,-0.296283,1.41243,0.0378764,0.0906836,1.75989,0.076689,-0.159951,1.70136,0.0918541,-0.322531,1.57167
-0.284742,0.101956,1.64478,-0.349753,-0.114356,1.5675,-0.30418,-0.296686,1.41803,0.0399705,0.089196,1.76221,0.0813166,-0.161017,1.70304,0.0981104,-0.323579,1.5731
-0.284,0.101091,1.64824,-0.349215,-0.115923,1.57095,-0.304646,-0.296956,1.42013,0.0419741,0.0871218,1.76418,0.0844497,-0.161413,1.70371,0.103045,-0.323797,1.57342
-0.283417,0.100393,1.65139,-0.349378,-0.116628,1.57271,-0.305163,-0.296757,1.42218,0.043365,0.0852117,1.76663,0.0868661,-0.161175,1.70437,0.107635,-0.32267,1.57296
-0.283482,0.100079,1.65347,-0.349763,-0.116981,1.57386,-0.305913,-0.295759,1.42285,0.0445486,0.0837258,1.76845,0.0878228,-0.161461,1.70442,0.111231,-0.321605,1.57148
-0.283874,0.0997198,1.65594,-0.350275,-0.116931,1.57497,-0.308304,-0.293107,1.42348,0.0447692,0.0830171,1.7692,0.088191,-0.161364,1.70444,0.113692,-0.32003,1.56984
-0.284389,0.0996118,1.65782,-0.350837,-0.116877,1.57508,-0.31101,-0.289279,1.42251,0.0448236,0.0826733,1.76954,0.0887321,-0.161123,1.70385,0.116128,-0.31736,1.56645
-0.28467,0.0993779,1.65934,-0.352628,-0.115692,1.57528,-0.313623,-0.284728,1.42181,0.0449761,0.0823349,1.77015,0.0892693,-0.159982,1.70336,0.117503,-0.313874,1.56322
-0.28531,0.0996055,1.66109,-0.354551,-0.113403,1.57499,-0.317566,-0.279593,1.42057,0.0450158,0.0819978,1.77038,0.0897694,-0.158967,1.70264,0.118622,-0.309693,1.55895
-0.2856,0.0996917,1.66219,-0.356012,-0.11108,1.57456,-0.321767,-0.272603,1.41807,0.045117,0.0817919,1.77055,0.0904364,-0.15723,1.70145,0.11892,-0.306324,1.55592
-0.285957,0.0996878,1.66356,-0.357553,-0.108592,1.57373,-0.32344,-0.26962,1.41627,0.045182,0.081803,1.77076,0.0906639,-0.156469,1.70041,0.119036,-0.303543,1.55276
-0.285996,0.0999543,1.66479,-0.357966,-0.104841,1.57437,-0.324461,-0.268097,1.41426,0.0459481,0.0816445,1.77146,0.0913666,-0.154127,1.69861,0.11852,-0.301548,1.55126
-0.285466,0.100405,1.66793,-0.357422,-0.101693,1.57505,-0.324502,-0.268,1.41423,0.0475916,0.0812978,1.77323,0.0914942,-0.153839,1.69793,0.117746,-0.301219,1.5506
-0.283871,0.10037,1.67168,-0.354946,-0.0983137,1.57785,-0.323923,-0.268081,1.41415,0.0518117,0.0828813,1.77843,0.0919859,-0.153012,1.69717,0.117351,-0.300268,1.54978
-0.279794,0.0998709,1.67796,-0.351979,-0.0989725,1.58037,-0.318979,-0.271382,1.41634,0.0549676,0.0818439,1.78065,0.09336,-0.151995,1.69677,0.117693,-0.297526,1.54759
-0.274341,0.0985985,1.68708,-0.345158,-0.101752,1.58838,-0.310703,-0.277553,1.42498,0.0631144,0.080737,1.78725,0.095987,-0.151691,1.69824,0.117948,-0.296253,1.54785
-0.268968,0.0962004,1.6954,-0.337713,-0.104531,1.59923,-0.304443,-0.281399,1.43406,0.0711843,0.0755967,1.78985,0.1017,-0.151973,1.70087,0.118534,-0.295256,1.54878
-0.261049,0.0925246,1.70576,-0.327505,-0.114801,1.61468,-0.296219,-0.290253,1.44836,0.0825898,0.0707589,1.79347,0.112764,-0.152851,1.70722,0.120154,-0.296516,1.5518
-0.253526,0.0874133,1.71655,-0.317296,-0.124508,1.62933,-0.289107,-0.296961,1.46305,0.0952529,0.0673969,1.79733,0.122678,-0.155584,1.71254,0.123905,-0.303419,1.55581
-0.242689,0.0819903,1.72912,-0.306799,-0.134344,1.64586,-0.28234,-0.30443,1.48065,0.108134,0.064055,1.80018,0.134488,-0.157289,1.72027,0.129679,-0.31014,1.56257
-0.234506,0.0774397,1.73942,-0.295381,-0.145574,1.66042,-0.276715,-0.313723,1.49397,0.118414,0.0635274,1.80366,0.146881,-0.160768,1.72592,0.136083,-0.317922,1.5697
-0.226515,0.0743206,1.75055,-0.28472,-0.152366,1.67482,-0.270876,-0.321617,1.50808,0.128206,0.0640373,1.80679,0.157002,-0.164317,1.73176,0.143341,-0.323862,1.57891
-0.219401,0.0735204,1.76168,-0.276015,-0.155694,1.68918,-0.266579,-0.327938,1.52194,0.137733,0.06426,1.8107,0.166602,-0.165349,1.73788,0.15275,-0.327566,1.59093
-0.214037,0.072601,1.77048,-0.270837,-0.158627,1.69863,-0.262317,-0.333039,1.53621,0.144092,0.0644256,1.81241,0.174406,-0.167104,1.74242,0.159317,-0.330383,1.5977
-0.209346,0.071745,1.77978,-0.26442,-0.161158,1.71101,-0.259725,-0.337362,1.54684,0.149655,0.0646559,1.81481,0.180298,-0.166559,1.74751,0.166931,-0.333271,1.60604
-0.205443,0.0711936,1.7892,-0.260699,-0.163354,1.72042,-0.257545,-0.340323,1.5556,0.153934,0.0646541,1.81748,0.185335,-0.167275,1.75133,0.173588,-0.336675,1.61107
-0.203727,0.07046,1.79614,-0.258998,-0.165905,1.72692,-0.255869,-0.342394,1.56139,0.156636,0.0647855,1.81979,0.190597,-0.167689,1.75482,0.179127,-0.340586,1.61447
-0.20194,0.0695127,1.80062,-0.25634,-0.166491,1.73232,-0.253832,-0.343932,1.56607,0.159954,0.0637663,1.8222,0.193089,-0.168319,1.75729,0.18369,-0.343658,1.61909
-0.200904,0.0687587,1.80409,-0.255582,-0.166631,1.73491,-0.252046,-0.344894,1.56886,0.161377,0.0631731,1.82452,0.194466,-0.169082,1.75869,0.188158,-0.342466,1.62625
-0.200258,0.0686238,1.8067,-0.254836,-0.166931,1.73687,-0.250719,-0.344455,1.57022,0.162987,0.0628218,1.82949,0.195992,-0.169233,1.76157,0.189738,-0.342247,1.62838
-0.200057,0.068401,1.80823,-0.254625,-0.166389,1.73787,-0.24851,-0.343334,1.57153,0.163231,0.0624653,1.83257,0.196873,-0.16973,1.76524,0.191757,-0.340452,1.63082
-0.199791,0.0684328,1.80927,-0.254487,-0.165392,1.73842,-0.24441,-0.337648,1.57204,0.163067,0.0618285,1.83719,0.197778,-0.168733,1.77082,0.193178,-0.33557,1.63815
-0.199833,0.0686048,1.81003,-0.254637,-0.163222,1.73826,-0.237001,-0.32649,1.57611,0.1624,0.061729,1.84198,0.199136,-0.168429,1.77725,0.193811,-0.332902,1.6427
-0.19983,0.0686756,1.81009,-0.254884,-0.158625,1.73837,-0.229469,-0.303701,1.58214,0.160582,0.0620849,1.84767,0.200431,-0.166625,1.78638,0.193734,-0.327329,1.65012
-0.199834,0.0688116,1.80993,-0.254778,-0.155461,1.7369,-0.224038,-0.299538,1.58167,0.159288,0.0626967,1.85219,0.201138,-0.164753,1.79868,0.194716,-0.321297,1.66024
-0.199902,0.0691078,1.8093,-0.254616,-0.152066,1.73351,-0.213147,-0.291325,1.58077,0.157369,0.0629373,1.85705,0.203141,-0.162226,1.80977,0.197435,-0.313654,1.66532
-0.19936,0.0696359,1.80768,-0.255484,-0.144454,1.73003,-0.198843,-0.278455,1.57843,0.154673,0.0643627,1.86345,0.202265,-0.161769,1.8273,0.201802,-0.302408,1.67158
-0.199348,0.0707087,1.80585,-0.256768,-0.13705,1.72765,-0.188023,-0.270289,1.58056,0.152356,0.0651376,1.86933,0.203329,-0.154525,1.84204,0.201974,-0.291899,1.68323
-0.199281,0.0709879,1.80516,-0.25658,-0.130794,1.72363,-0.168457,-0.260437,1.58406,0.150511,0.0659568,1.87393,0.202372,-0.1542,1.85732,0.206379,-0.28206,1.6904
-0.197453,0.0729817,1.79814,-0.255071,-0.126309,1.71771,-0.156652,-0.25584,1.58542,0.147799,0.0672688,1.88079,0.201563,-0.15288,1.87093,0.204725,-0.274643,1.69925
-0.194667,0.073931,1.7905,-0.253519,-0.123662,1.71122,-0.142476,-0.250801,1.58726,0.145642,0.067494,1.88457,0.200923,-0.151936,1.87998,0.201787,-0.272992,1.70773
-0.191913,0.0747872,1.78409,-0.250183,-0.121583,1.70138,-0.12129,-0.246197,1.59427,0.144091,0.0674835,1.88984,0.197832,-0.147179,1.89735,0.201281,-0.264867,1.72269
-0.188541,0.0747373,1.77788,-0.246444,-0.121431,1.69386,-0.10931,-0.244834,1.59682,0.142927,0.0674511,1.89606,0.196476,-0.145964,1.91005,0.199013,-0.259996,1.73284
-0.188709,0.0742657,1.77877,-0.242947,-0.121645,1.68688,-0.0960136,-0.241723,1.60178,0.141412,0.0666736,1.89987,0.192936,-0.144632,1.91966,0.200477,-0.256929,1.74147
-0.178569,0.072782,1.76294,-0.238511,-0.122186,1.67902,-0.0789205,-0.234678,1.60931,0.140547,0.0654888,1.90418,0.18933,-0.144823,1.93286,0.19942,-0.252134,1.75161
-0.178584,0.0726915,1.7631,-0.234842,-0.123655,1.67264,-0.0495067,-0.228305,1.61974,0.139553,0.064517,1.90825,0.184776,-0.145126,1.94878,0.198236,-0.24744,1.76476
-0.17833,0.0725454,1.76307,-0.22952,-0.1251,1.66545,-0.0532946,-0.225394,1.62251,0.138567,0.0634161,1.91132,0.180191,-0.145695,1.95894,0.198213,-0.24522,1.77375
-0.160293,0.0696831,1.7427,-0.224917,-0.124701,1.65937,-0.0488202,-0.22518,1.62539,0.138005,0.0630189,1.91683,0.175315,-0.146911,1.96746,0.197719,-0.244185,1.78154
-0.160419,0.0696513,1.74329,-0.21933,-0.124002,1.65508,-0.0334654,-0.22049,1.63898,0.138182,0.0637466,1.92325,0.170378,-0.147897,1.98521,0.19648,-0.239484,1.7939
-0.1519,0.0689482,1.73589,-0.214452,-0.123297,1.65027,-0.0302635,-0.217894,1.63951,0.138127,0.0638475,1.92738,0.168986,-0.14808,1.98774,0.196873,-0.24067,1.7944
-0.14614,0.0687787,1.73255,-0.20905,-0.121902,1.6457,-0.0273543,-0.215933,1.64171,0.138322,0.0634888,1.93088,0.167864,-0.147039,1.99183,0.198159,-0.239082,1.80273
-0.142514,0.0682082,1.73059,-0.206174,-0.121603,1.64341,-0.0250019,-0.214374,1.64425,0.138682,0.0631464,1.93409,0.166338,-0.146037,1.99825,0.199067,-0.239323,1.8037
-0.138925,0.0676163,1.72895,-0.203406,-0.12081,1.64183,-0.0217764,-0.213614,1.64984,0.138456,0.0631602,1.93625,0.165857,-0.146037,1.99968,0.199947,-0.239399,1.8058
-0.137305,0.067459,1.72815,-0.199227,-0.119841,1.63914,-0.0195959,-0.212955,1.65211,0.138626,0.062779,1.93799,0.165627,-0.146024,2.00019,0.201285,-0.237361,1.80874
-0.132894,0.0662161,1.72617,-0.196843,-0.119057,1.63749,-0.0174981,-0.212638,1.65356,0.138899,0.0621158,1.93925,0.164909,-0.145649,2.00241,0.202543,-0.2367,1.81096
-0.130516,0.0656302,1.72517,-0.194859,-0.118991,1.6364,-0.0181799,-0.215598,1.65566,0.139339,0.0618806,1.94175,0.164602,-0.145669,2.00343,0.202856,-0.236874,1.81132
-0.130308,0.0655962,1.72504,-0.193434,-0.118935,1.63548,-0.0166009,-0.214731,1.65626,0.13963,0.0615274,1.94215,0.164539,-0.145338,2.00401,0.203517,-0.236766,1.81158
-0.130143,0.0656583,1.72492,-0.19211,-0.118421,1.63455,-0.0163899,-0.21556,1.65713,0.139742,0.0611829,1.94236,0.164516,-0.145433,2.00394,0.203575,-0.236818,1.8114
-0.130028,0.0657066,1.72483,-0.191237,-0.118459,1.63395,-0.0165927,-0.21705,1.65769,0.140367,0.0603631,1.94252,0.164764,-0.14542,2.00426,0.203391,-0.23679,1.81164
-0.128006,0.0652996,1.72377,-0.190997,-0.118186,1.63345,-0.0168642,-0.217451,1.65776,0.141093,0.0597793,1.94252,0.165121,-0.145294,2.00373,0.202917,-0.237829,1.80981
-0.127625,0.0654538,1.72348,-0.191043,-0.117975,1.6332,-0.0230524,-0.228367,1.65371,0.141636,0.0594166,1.94229,0.166656,-0.146207,2.00051,0.202552,-0.237794,1.80203
-0.127686,0.0658265,1.7235,-0.19142,-0.117512,1.633,-0.0108336,-0.207329,1.65051,0.142664,0.0586936,1.94149,0.171168,-0.148855,1.98865,0.202695,-0.237369,1.77969
-0.128155,0.0659957,1.72342,-0.192451,-0.116699,1.63257,0.045174,-0.200264,1.64769,0.144204,0.0578027,1.94005,0.174457,-0.146506,1.98172,0.202487,-0.233136,1.77353
-0.130129,0.0668337,1.72389,-0.195331,-0.114255,1.63113,0.0401343,-0.19892,1.63955,0.145822,0.0567612,1.93707,0.182063,-0.144822,1.96653,0.202456,-0.228584,1.76174
-0.133437,0.0683985,1.72547,-0.198268,-0.111549,1.62979,-0.00628123,-0.179912,1.60567,0.147795,0.0551264,1.93253,0.186159,-0.141865,1.95077,0.203564,-0.222146,1.73494
-0.138146,0.0709983,1.72821,-0.200945,-0.108349,1.62853,-0.00914749,-0.176502,1.60051,0.148711,0.0547534,1.92878,0.19425,-0.143119,1.93059,0.194617,-0.222191,1.6994
-0.138825,0.0713111,1.72879,-0.20427,-0.105203,1.62599,-0.012675,-0.168653,1.58311,0.148758,0.0544928,1.92262,0.201183,-0.142657,1.90858,0.197545,-0.221147,1.67697
-0.140086,0.0718416,1.72983,-0.207556,-0.0994698,1.62198,-0.0221434,-0.161004,1.55127,0.147479,0.0558688,1.92192,0.195924,-0.141941,1.89025,0.194203,-0.214067,1.63731
-0.150503,0.0766406,1.73724,-0.209977,-0.0940932,1.61731,0.0349429,-0.144822,1.49022,0.146263,0.0570414,1.92024,0.200752,-0.134992,1.86019,0.185908,-0.202742,1.63603
-0.15505,0.0792282,1.7411,-0.215318,-0.0875895,1.61328,-0.0416684,-0.140166,1.50888,0.147368,0.0559539,1.90039,0.196774,-0.139149,1.84843,0.185983,-0.17954,1.58897
-0.154864,0.0791705,1.74094,-0.218401,-0.0814861,1.60779,-0.0470438,-0.131484,1.49798,0.146562,0.0569955,1.90199,0.244468,-0.104749,1.80898,0.215739,-0.133883,1.63267
-0.162805,0.084643,1.74706,-0.22215,-0.0715571,1.59923,-0.0561696,-0.117523,1.47906,0.146257,0.0577439,1.89955,0.246226,-0.0995566,1.80031,0.197913,-0.153568,1.52739
-0.166073,0.0888145,1.75009,-0.21671,-0.0632352,1.58473,-0.0560048,-0.100995,1.45429,0.14615,0.0587164,1.89619,0.231491,-0.0852884,1.76368,0.196563,-0.152031,1.55092
-0.167916,0.0912075,1.75155,-0.21188,-0.0550339,1.56743,-0.0567833,-0.0660651,1.42502,0.145469,0.0591641,1.89232,0.227092,-0.0591196,1.73223,0.193956,-0.149722,1.54394
-0.168657,0.093212,1.75307,-0.207929,-0.0488422,1.55155,-0.0503409,-0.0584566,1.4119,0.143835,0.0619404,1.87966,0.227143,-0.054704,1.71918,0.180897,-0.147543,1.53485
-0.169155,0.0952111,1.75443,-0.208421,-0.0411558,1.54305,-0.0545231,-0.0505592,1.39912,0.142296,0.0642884,1.87554,0.212659,-0.0156402,1.68685,0.160213,-0.160907,1.54431
-0.169604,0.097563,1.75603,-0.201386,-0.0249608,1.52556,-0.0583428,-0.00168901,1.35879,0.140551,0.0664529,1.87239,0.216399,0.0100863,1.67713,0.150551,-0.143865,1.55088
-0.16988,0.100632,1.75762,-0.199232,-0.0112913,1.51559,-0.0709696,0.000646209,1.34775,0.138703,0.0692486,1.86914,0.217701,0.0553218,1.66735,0.15465,-0.0367702,1.40754
-0.170809,0.104625,1.75923,-0.246535,0.00593785,1.5299,-0.0979828,0.00342231,1.37977,0.13233,0.0784459,1.85885,0.218646,0.0661587,1.66012,0.150108,0.000124661,1.39379
-0.171652,0.107922,1.75985,-0.243954,0.00899487,1.53045,-0.101804,0.0150498,1.37415,0.130386,0.0845505,1.85682,0.217802,0.0758356,1.65841,0.1461,0.0802792,1.38483
-0.176721,0.138175,1.76731,-0.239931,0.0202136,1.53375,-0.0892376,0.0292228,1.33434,0.116939,0.115487,1.84163,0.144393,-0.0149861,1.58608,0.11181,0.00448654,1.32357
-0.177157,0.140637,1.76766,-0.237593,0.0256017,1.54221,-0.0979131,0.0302524,1.34239,0.115489,0.117148,1.84096,0.153253,-0.0139797,1.58712,0.109528,0.0522962,1.31565
-0.178546,0.142886,1.76749,-0.234386,0.02891,1.53872,-0.100523,0.0311734,1.34351,0.115172,0.11783,1.84054,0.159322,-0.0108522,1.58648,0.0872995,0.00767346,1.38786
-0.178801,0.144391,1.76722,-0.187265,0.0554413,1.4928,-0.0831727,0.0296254,1.31006,0.114025,0.119625,1.83968,0.162134,-0.00538717,1.58454,0.0871239,0.0105733,1.38256
-0.179751,0.145794,1.76725,-0.187275,0.0555836,1.49322,-0.0892506,0.0608078,1.30536,0.113784,0.120075,1.83945,0.164903,0.00332838,1.58667,0.0825792,0.0109635,1.37623
-0.17995,0.135673,1.76909,-0.187308,0.0553043,1.49199,-0.0887705,0.0610726,1.30442,0.113725,0.120323,1.83932,0.166022,0.00149152,1.59175,0.0813949,0.0106152,1.37466
-0.180952,0.1401,1.76814,-0.18731,0.0553742,1.49232,-0.0896627,0.0623414,1.30432,0.113698,0.120431,1.83926,0.166369,0.00437174,1.5899,0.079756,0.00959479,1.37213
-0.181008,0.135629,1.7691,-0.187142,0.0552347,1.49197,-0.0896781,0.0642192,1.30397,0.114761,0.120484,1.83815,0.166636,0.00580966,1.58912,0.0835511,0.00902859,1.37049
-0.18183,0.140284,1.76888,-0.187081,0.0553164,1.49311,-0.0911403,0.0643344,1.30431,0.115089,0.123618,1.83562,0.166764,0.00606848,1.58865,0.0837785,0.00966197,1.37041
-0.182117,0.142275,1.76887,-0.187586,0.0544014,1.49403,-0.0914412,0.06348,1.30301,0.116114,0.125547,1.83401,0.166936,0.00611928,1.58767,0.0845993,0.0125871,1.36686
-0.181169,0.137977,1.76917,-0.187812,0.0534203,1.49331,-0.0711278,0.0787198,1.23861,0.11649,0.126789,1.83353,0.167252,0.00660476,1.586,0.0846208,0.012529,1.36705
-0.181007,0.136106,1.76941,-0.188009,0.0523458,1.49331,-0.088142,0.0631607,1.28939,0.116479,0.127433,1.83353,0.167953,0.00665888,1.58251,0.0844091,0.0127027,1.3673
-0.180995,0.136007,1.76948,-0.187995,0.0519854,1.49346,-0.125237,0.0569342,1.35765,0.116535,0.12783,1.83349,0.171397,0.00285149,1.58748,0.0843922,0.0126996,1.36741
-0.180688,0.139522,1.76919,-0.188442,0.0510156,1.49461,-0.0928002,0.0227999,1.30757,0.116664,0.12846,1.83366,0.171345,0.00283578,1.58718,0.0860407,0.00964134,1.379
-0.180575,0.141222,1.76877,-0.188585,0.0506993,1.49487,-0.0929048,0.0229477,1.30777,0.116793,0.128685,1.83362,0.17138,0.00278541,1.5872,0.0870534,0.0106849,1.37623
-0.180547,0.14236,1.76864,-0.188685,0.0503891,1.49523,-0.0924876,0.0238069,1.30823,0.116947,0.12899,1.83349,0.168277,-0.00922177,1.59552,0.0870247,0.00987346,1.3774
-0.180495,0.143195,1.76848,-0.188637,0.0504014,1.49535,-0.0923,0.0241291,1.30838,0.117106,0.129201,1.83353,0.169958,-0.00584111,1.5907,0.0871399,0.00975127,1.37724
-0.18045,0.143991,1.76822,-0.188932,0.049147,1.49581,-0.0921887,0.0248501,1.30879,0.117268,0.129327,1.83362,0.171153,-0.00770118,1.59264,0.0873516,0.00953598,1.37701
-0.179355,0.139468,1.76828,-0.188504,0.0484768,1.49503,-0.091459,0.0250377,1.30806,0.11743,0.129409,1.83356,0.171069,-0.00988612,1.5944,0.0874658,0.00888679,1.37728
-0.179396,0.141167,1.76794,-0.188408,0.0483431,1.49507,-0.0912949,0.0254038,1.30807,0.117293,0.129069,1.83315,0.170208,-0.0110178,1.59137,0.0875685,0.00873202,1.37715
-0.179175,0.138829,1.76847,-0.188191,0.0479929,1.49544,-0.0913615,0.0256369,1.30822,0.117691,0.129146,1.83301,0.169227,-0.0117936,1.58716,0.0877783,0.00853421,1.37676
-0.178529,0.137101,1.76884,-0.188087,0.0478259,1.49552,-0.091413,0.0257278,1.30818,0.117616,0.128983,1.83295,0.169216,-0.011841,1.58705,0.0880132,0.00774974,1.37723
-0.17838,0.136293,1.76904,-0.187649,0.0477345,1.49511,-0.0910427,0.0258176,1.30771,0.117813,0.129021,1.83293,0.16916,-0.0118597,1.587,0.0880059,0.00774305,1.37726
-0.178352,0.135707,1.76918,-0.187574,0.0476465,1.49509,-0.0908589,0.0259109,1.30773,0.117793,0.128897,1.83288,0.16912,-0.0119454,1.58693,0.087982,0.00781416,1.37717
-0.178358,0.139496,1.76897,-0.232741,0.0474749,1.53923,-0.114402,0.0308171,1.35079,0.118096,0.128988,1.83298,0.169015,-0.0113045,1.58661,0.0883814,0.00709408,1.37791
-0.178113,0.141123,1.76895,-0.232221,0.0444046,1.54103,-0.114354,0.0306336,1.3515,0.118118,0.128873,1.83298,0.168842,-0.0113504,1.58654,0.0887367,0.00689802,1.37825
-0.177709,0.138931,1.76915,-0.187959,0.0429343,1.49722,-0.0908593,0.0260819,1.30955,0.118573,0.129101,1.83337,0.169833,-0.00996855,1.58637,0.0948057,0.00653424,1.37867
-0.177854,0.139807,1.76905,-0.18821,0.0419547,1.49779,-0.0904251,0.0470776,1.30356,0.118601,0.128986,1.83372,0.175729,-0.0287884,1.60481,0.104021,0.00693268,1.37884
-0.177862,0.139952,1.76901,-0.19341,0.0330434,1.50151,-0.0903672,0.0469981,1.30426,0.118912,0.128669,1.83428,0.177993,-0.0172263,1.59321,0.114939,0.00771429,1.38139
-0.177776,0.139969,1.76919,-0.198321,0.0247238,1.50558,-0.0878356,0.0453138,1.31223,0.119624,0.127828,1.83485,0.178416,-0.0255891,1.59856,0.121435,0.0101934,1.37033
-0.177682,0.139197,1.76953,-0.203819,0.00563706,1.5154,-0.0815589,0.0253869,1.34051,0.121144,0.1249,1.83477,0.18121,-0.0412115,1.60786,0.130858,-0.0318445,1.40192
-0.177545,0.137267,1.76999,-0.208809,-0.00716075,1.52262,-0.0781245,-0.0110259,1.35632,0.122939,0.119962,1.8347,0.187042,-0.0628783,1.6228,0.13464,-0.0389487,1.41858
-0.17753,0.133889,1.7706,-0.214015,-0.0300893,1.53686,-0.0720115,-0.0350722,1.38048,0.140347,0.092681,1.83263,0.202756,-0.0992967,1.63092,0.128848,-0.0763584,1.43344
-0.177787,0.130277,1.77133,-0.235029,-0.0482359,1.58052,-0.102179,-0.0451879,1.41599,0.138712,0.0936488,1.83341,0.20873,-0.105926,1.65143,0.15059,-0.0892956,1.44804
-0.181704,0.0977102,1.77932,-0.242661,-0.0616697,1.59048,-0.102408,-0.0745963,1.43293,0.140057,0.0909922,1.83474,0.217232,-0.0996357,1.69378,0.159429,-0.129053,1.49183
-0.182024,0.0951761,1.77974,-0.254182,-0.0804897,1.6169,-0.114518,-0.0949287,1.45905,0.14938,0.0783754,1.84107,0.242683,-0.104784,1.71414,0.151619,-0.155287,1.4513
-0.182674,0.0913556,1.7796,-0.308416,-0.101954,1.64507,-0.131294,-0.115531,1.49261,0.148849,0.078776,1.84131,0.241234,-0.1103,1.73425,0.153985,-0.181867,1.47502
-0.18264,0.0935411,1.7789,-0.309187,-0.100292,1.65236,-0.132916,-0.132914,1.5062,0.152284,0.0728128,1.84539,0.192594,-0.12186,1.77997,0.192436,-0.183774,1.57736
-0.183185,0.090589,1.77899,-0.311959,-0.110008,1.67738,-0.157396,-0.161451,1.54399,0.154231,0.069253,1.8479,0.225613,-0.121744,1.78485,0.176099,-0.19477,1.59241
-0.183882,0.0892889,1.77919,-0.31238,-0.112107,1.68206,-0.158237,-0.170506,1.55127,0.154992,0.0668087,1.84981,0.226126,-0.124728,1.7907,0.168414,-0.222065,1.61235
-0.184844,0.0881211,1.77954,-0.310789,-0.115619,1.68408,-0.154272,-0.187685,1.56031,0.155332,0.0654866,1.8511,0.225188,-0.131104,1.80111,0.171123,-0.232215,1.62382
-0.185367,0.0873433,1.77976,-0.309643,-0.119113,1.69555,-0.148354,-0.200515,1.56417,0.155092,0.0643336,1.85225,0.187008,-0.158162,1.81769,0.176679,-0.24177,1.62374
-0.185937,0.0866477,1.78009,-0.308954,-0.120134,1.69822,-0.12058,-0.231412,1.55829,0.154991,0.0633394,1.8533,0.187029,-0.158952,1.81888,0.173632,-0.256328,1.63201
-0.186216,0.0860868,1.78045,-0.30391,-0.123785,1.69589,-0.120544,-0.23345,1.55897,0.154718,0.0623289,1.8546,0.187056,-0.161661,1.82377,0.174198,-0.26322,1.63926
-0.186612,0.0854941,1.78079,-0.302132,-0.124798,1.69531,-0.120401,-0.237148,1.56024,0.154406,0.0615659,1.85599,0.187271,-0.163846,1.82664,0.178248,-0.277195,1.64929
-0.186832,0.0850834,1.78102,-0.301982,-0.124738,1.69547,-0.120279,-0.241022,1.56116,0.154323,0.0605615,1.85762,0.187383,-0.167595,1.8314,0.178305,-0.29059,1.66098
-0.187011,0.0848004,1.78121,-0.301483,-0.125095,1.69786,-0.118285,-0.248958,1.56053,0.154024,0.0599182,1.85895,0.187372,-0.170564,1.83423,0.171114,-0.332446,1.64973
-0.187162,0.0844406,1.78138,-0.258511,-0.127466,1.70577,-0.117257,-0.253594,1.55964,0.153958,0.0592192,1.85994,0.187095,-0.173,1.83692,0.178759,-0.315067,1.67846
-0.187217,0.084278,1.78149,-0.2581,-0.127386,1.70565,-0.118511,-0.253669,1.55994,0.153847,0.0585753,1.86144,0.187353,-0.17587,1.83883,0.179519,-0.315452,1.68057
-0.187284,0.0840915,1.78154,-0.257823,-0.127317,1.70547,-0.118216,-0.257529,1.55814,0.153522,0.0579305,1.86254,0.187708,-0.177914,1.83934,0.180547,-0.317137,1.68265
-0.185716,0.0897567,1.78024,-0.257161,-0.127176,1.70496,-0.12581,-0.254544,1.56033,0.153495,0.0574652,1.86352,0.18757,-0.180405,1.83977,0.18159,-0.321111,1.68452
-0.186199,0.0883622,1.78057,-0.256629,-0.126233,1.70443,-0.127665,-0.254785,1.56018,0.1534,0.057167,1.86504,0.187746,-0.181477,1.84031,0.182481,-0.324411,1.68729
-0.185458,0.0916043,1.77972,-0.255708,-0.123916,1.70355,-0.129174,-0.255209,1.55934,0.153221,0.0569436,1.86563,0.187929,-0.182899,1.84031,0.183335,-0.327059,1.68856
-0.185046,0.093205,1.77927,-0.255111,-0.123434,1.70241,-0.130145,-0.255664,1.55859,0.15312,0.05684,1.86592,0.188099,-0.18337,1.84051,0.184487,-0.327995,1.68924
-0.184707,0.0943407,1.77911,-0.254767,-0.122914,1.70194,-0.130866,-0.255919,1.55806,0.153004,0.0568716,1.86671,0.188086,-0.183635,1.84086,0.185404,-0.328486,1.68981
-0.184367,0.0952527,1.77893,-0.254438,-0.122052,1.70175,-0.131559,-0.255975,1.5573,0.152784,0.0569042,1.86701,0.188157,-0.183588,1.8411,0.186003,-0.328226,1.68984
-0.18421,0.0958597,1.7789,-0.254269,-0.121927,1.7016,-0.131453,-0.256908,1.55566,0.152729,0.0569229,1.86722,0.188454,-0.183376,1.8413,0.186373,-0.327191,1.68921
-0.18412,0.0963607,1.77903,-0.254304,-0.121861,1.70177,-0.132568,-0.256139,1.55479,0.15275,0.0569613,1.86731,0.189344,-0.182383,1.84146,0.187082,-0.323054,1.68627
-0.185953,0.089714,1.78211,-0.254447,-0.121891,1.70207,-0.142128,-0.246682,1.55833,0.15293,0.0569824,1.86743,0.189784,-0.180858,1.84126,0.186254,-0.317239,1.68214
-0.185616,0.0915742,1.78212,-0.255723,-0.121878,1.70623,-0.142244,-0.246622,1.55816,0.153154,0.0571451,1.86742,0.192813,-0.176802,1.83828,0.185528,-0.300738,1.66881
-0.187557,0.0872857,1.7867,-0.259585,-0.12139,1.71404,-0.15508,-0.236692,1.56667,0.153656,0.0575331,1.86691,0.195322,-0.170748,1.83456,0.179904,-0.279797,1.65294
-0.189378,0.0841102,1.79208,-0.312658,-0.125723,1.70876,-0.167463,-0.229191,1.57627,0.154568,0.058208,1.86575,0.200596,-0.159882,1.8279,0.173201,-0.266396,1.64526
-0.19058,0.0821227,1.79675,-0.320533,-0.124012,1.72427,-0.169791,-0.228452,1.57962,0.156884,0.0592538,1.86364,0.207003,-0.148076,1.81827,0.164985,-0.252674,1.64031
-0.191961,0.0800776,1.80214,-0.324524,-0.123748,1.73446,-0.178483,-0.226158,1.58941,0.159671,0.0611296,1.85984,0.271566,-0.127983,1.80011,0.151343,-0.244037,1.62822
-0.192855,0.0784223,1.80764,-0.328208,-0.125407,1.74562,-0.17772,-0.229254,1.58952,0.161861,0.0629223,1.8547,0.27101,-0.130472,1.79372,0.134905,-0.237173,1.61269
-0.193342,0.0764395,1.81405,-0.33673,-0.124809,1.78311,-0.206457,-0.218842,1.63283,0.164195,0.065045,1.84903,0.27061,-0.131056,1.77818,0.137231,-0.22076,1.62145
-0.193071,0.0746279,1.81942,-0.3361,-0.125662,1.78472,-0.200037,-0.230573,1.62648,0.165279,0.0676172,1.84337,0.273073,-0.128305,1.7646,0.0982178,-0.218565,1.59913
-0.192571,0.0728098,1.82643,-0.290305,-0.131085,1.82648,-0.201279,-0.231535,1.62691,0.16556,0.0697565,1.83649,0.285342,-0.12089,1.73274,0.0925271,-0.214527,1.60048
-0.192534,0.070035,1.83499,-0.288747,-0.131378,1.8322,-0.212518,-0.219059,1.65632,0.165743,0.0721815,1.82957,0.283507,-0.118356,1.71915,0.0811535,-0.207543,1.60215
-0.191549,0.068472,1.84204,-0.28661,-0.133303,1.84195,-0.217384,-0.213215,1.65936,0.164275,0.0714164,1.83075,0.295166,-0.109918,1.67511,0.0679634,-0.202011,1.60247
-0.190616,0.0668464,1.85042,-0.282136,-0.134142,1.86597,-0.206592,-0.212547,1.67575,0.163527,0.0719718,1.82813,0.234758,-0.106657,1.70552,0.0574669,-0.196769,1.60649
-0.189138,0.0660856,1.85505,-0.279723,-0.135651,1.87376,-0.204924,-0.214265,1.68377,0.16276,0.0726427,1.82466,0.27548,-0.117631,1.67491,0.0350822,-0.193545,1.59927
-0.188742,0.0658196,1.85606,-0.275409,-0.138857,1.88818,-0.206584,-0.215107,1.69767,0.162375,0.0731594,1.82199,0.225086,-0.107991,1.68796,0.0324501,-0.192061,1.59941
-0.185615,0.0648694,1.8638,-0.267969,-0.138679,1.90445,-0.207486,-0.214626,1.7051,0.160828,0.0807037,1.79395,0.252172,-0.114604,1.67683,0.0273942,-0.190052,1.60192
-0.183435,0.064791,1.86995,-0.259624,-0.137508,1.91948,-0.210766,-0.214946,1.71486,0.160348,0.0811845,1.79091,0.228358,-0.109884,1.67711,0.0086644,-0.18986,1.60699
-0.181743,0.0646277,1.87461,-0.250548,-0.137007,1.92958,-0.209285,-0.215302,1.73214,0.160102,0.0813023,1.78821,0.223248,-0.108656,1.67555,0.00838617,-0.188101,1.6085
-0.17995,0.0641895,1.87944,-0.243025,-0.137746,1.93893,-0.210686,-0.216353,1.73878,0.15976,0.0815035,1.78603,0.220468,-0.107636,1.67368,0.0325394,-0.177548,1.626
-0.180267,0.0642831,1.87897,-0.235463,-0.138755,1.94728,-0.212027,-0.217928,1.74869,0.157581,0.0813883,1.77894,0.217965,-0.106956,1.67218,0.0220697,-0.177838,1.62933
-0.180383,0.0642571,1.87876,-0.23094,-0.138805,1.95485,-0.213947,-0.218538,1.75209,0.156904,0.0815364,1.77481,0.214813,-0.106148,1.67007,0.0260995,-0.177718,1.63067
-0.180387,0.0642734,1.87873,-0.22649,-0.137414,1.96332,-0.215664,-0.218764,1.75442,0.156919,0.0815746,1.77483,0.2132,-0.105527,1.66918,0.0248539,-0.178633,1.63141
-0.179304,0.0643461,1.88232,-0.223606,-0.136846,1.96948,-0.217275,-0.218633,1.75926,0.15693,0.0815952,1.77483,0.212397,-0.105545,1.66869,0.0242066,-0.179671,1.63277
-0.178487,0.0644031,1.88412,-0.22197,-0.136656,1.97141,-0.216996,-0.218013,1.76394,0.156941,0.0816003,1.77483,0.211773,-0.105368,1.66843,0.0232855,-0.180129,1.63705
-0.178034,0.0644752,1.88554,-0.220886,-0.136364,1.97287,-0.217207,-0.217853,1.76512,0.156975,0.0816107,1.77485,0.210845,-0.105533,1.66844,0.0228186,-0.18164,1.6381
-0.17777,0.0645169,1.88598,-0.220791,-0.13626,1.97295,-0.217234,-0.217802,1.76514,0.156986,0.0816181,1.77486,0.209831,-0.10563,1.6683,0.0218498,-0.182095,1.63909
-0.1755,0.0641662,1.89237,-0.220954,-0.136171,1.97283,-0.217342,-0.217282,1.76461,0.157021,0.0816118,1.77495,0.209655,-0.105902,1.66859,0.0151818,-0.184077,1.63945
-0.175542,0.064179,1.89224,-0.222543,-0.135889,1.97097,-0.216639,-0.216282,1.76169,0.156998,0.0815393,1.77481,0.209639,-0.105774,1.6695,0.0147596,-0.184273,1.63935
-0.175147,0.0643747,1.89364,-0.228119,-0.133083,1.96603,-0.214841,-0.214136,1.7544,0.15721,0.0815884,1.77567,0.209614,-0.106121,1.67181,0.0145462,-0.18426,1.63901
-0.175141,0.0644216,1.89372,-0.236786,-0.132918,1.94957,-0.210532,-0.209211,1.74163,0.157395,0.0817938,1.77684,0.209404,-0.105777,1.67326,0.0125026,-0.182891,1.63581
-0.175248,0.0644198,1.89382,-0.242912,-0.12853,1.93933,-0.208706,-0.197639,1.7168,0.157793,0.0817733,1.77845,0.210262,-0.105342,1.67539,0.00441382,-0.180772,1.62495
-0.175267,0.064324,1.89307,-0.245793,-0.128837,1.91789,-0.20585,-0.182067,1.68605,0.158332,0.0820528,1.7804,0.21113,-0.104843,1.67634,0.0147641,-0.172735,1.62053
-0.176001,0.0644143,1.89263,-0.296313,-0.10473,1.89964,-0.203226,-0.173101,1.674,0.158689,0.081879,1.7823,0.211871,-0.10466,1.67722,0.0207676,-0.165923,1.61348
-0.176737,0.0647346,1.89149,-0.283584,-0.116862,1.87792,-0.20901,-0.163908,1.60985,0.159057,0.0817749,1.78404,0.211951,-0.104706,1.67727,0.025428,-0.15672,1.60281
-0.177753,0.0650135,1.88782,-0.282085,-0.119217,1.85079,-0.193584,-0.123688,1.59458,0.159363,0.0817353,1.7855,0.212022,-0.104591,1.67693,0.0162961,-0.140836,1.557
-0.178308,0.0654996,1.88482,-0.29312,-0.126512,1.80205,-0.195518,-0.119933,1.61451,0.160056,0.0805281,1.79096,0.21223,-0.104091,1.67571,0.0242048,-0.135265,1.55871
-0.178059,0.0681265,1.87939,-0.291143,-0.125433,1.77857,-0.190727,-0.116559,1.59263,0.160414,0.0798861,1.7943,0.211519,-0.104571,1.67417,0.0389228,-0.122454,1.55699
-0.178071,0.0707592,1.8753,-0.278662,-0.116587,1.7298,-0.166907,-0.049446,1.52077,0.16042,0.0799074,1.79433,0.206976,-0.103128,1.66561,0.0279676,-0.0958712,1.51013
-0.178258,0.0711154,1.87462,-0.274246,-0.110189,1.71615,-0.155452,-0.0333557,1.52201,0.159419,0.080142,1.79853,0.204055,-0.100309,1.66122,0.0549814,-0.0898522,1.51306
-0.17777,0.0798456,1.86683,-0.257385,-0.0928431,1.67686,-0.207368,-0.0713039,1.57137,0.159348,0.081161,1.80158,0.200624,-0.0965392,1.65575,0.0541667,-0.0830964,1.5051
-0.177757,0.0798609,1.86684,-0.25232,-0.07984,1.6544,-0.165803,-0.0546271,1.46295,0.158468,0.0829051,1.80445,0.22622,-0.0814019,1.63087,0.0637795,-0.0600299,1.49942
-0.172341,0.0917938,1.85839,-0.246307,-0.0709588,1.63431,-0.158385,-0.0470064,1.44335,0.157467,0.0851701,1.8068,0.222777,-0.0751184,1.62361,0.0448871,-0.0376684,1.44766
-0.172842,0.0905518,1.85911,-0.242226,-0.0563312,1.62249,-0.157137,-0.0359443,1.42981,0.157215,0.0859058,1.80489,0.18652,-0.0665476,1.62614,0.0524024,-0.0276935,1.44521
-0.172621,0.0892178,1.85935,-0.223033,-0.0302113,1.6027,-0.153882,-0.0207108,1.40283,0.156886,0.0872502,1.80376,0.181661,-0.065209,1.62439,0.0599806,-0.00239248,1.4158
-0.171035,0.0892387,1.8559,-0.216716,-0.00744168,1.58876,-0.136766,0.0423666,1.39939,0.156685,0.0899096,1.80296,0.163661,-0.0114235,1.56315,0.0991063,0.00511669,1.44925
-0.178319,0.0989805,1.85102,-0.216237,0.000577771,1.58326,-0.167324,0.0238602,1.44528,0.157003,0.0937152,1.80236,0.164744,-0.00831301,1.56681,0.0622836,0.0230949,1.38465
-0.18124,0.103104,1.84739,-0.214157,0.0134965,1.57583,-0.162803,0.0390789,1.42854,0.158397,0.104052,1.80475,0.182066,-0.00990792,1.58536,0.0667102,0.0353688,1.38219
-0.182449,0.104677,1.84636,-0.209718,0.0231763,1.57157,-0.158386,0.0483466,1.42005,0.160624,0.10906,1.80503,0.156323,0.0200934,1.5569,0.0713454,0.0612901,1.3677
-0.182912,0.105732,1.84654,-0.212525,0.0111018,1.58043,-0.120575,0.0796212,1.35053,0.163775,0.112197,1.80548,0.156088,0.0217208,1.55975,0.0740637,0.0644089,1.36728
-0.183216,0.106576,1.84607,-0.210866,0.0134567,1.58492,-0.121464,0.0781822,1.36062,0.16607,0.113469,1.80448,0.164844,0.0177516,1.58457,0.0853131,0.0638376,1.38038
-0.183476,0.107118,1.84592,-0.204738,0.0426932,1.57126,-0.121171,0.0787408,1.36097,0.166019,0.113365,1.80422,0.164242,0.0203963,1.59181,0.0877818,0.0654,1.38221
-0.183529,0.107322,1.84591,-0.20359,0.0465482,1.57002,-0.119734,0.08029,1.35995,0.165599,0.112685,1.80381,0.162589,0.0225261,1.59478,0.0906674,0.0687956,1.38289
-0.18209,0.113547,1.84653,-0.202989,0.0482647,1.569,-0.119243,0.0818879,1.36035,0.16602,0.114752,1.80365,0.159167,0.0247768,1.59488,0.0919779,0.0735625,1.38336
-0.180593,0.118099,1.84657,-0.201861,0.0508347,1.56731,-0.118784,0.082716,1.36031,0.166966,0.11756,1.80326,0.157511,0.0267441,1.59764,0.0939531,0.0775842,1.38372
-0.179099,0.12329,1.84661,-0.20101,0.0523054,1.56832,-0.118593,0.0838624,1.36014,0.168198,0.121828,1.80289,0.156056,0.0290928,1.59579,0.0746872,0.108308,1.33744
-0.178871,0.124914,1.84645,-0.199627,0.0545172,1.56792,-0.118029,0.0852022,1.35954,0.168388,0.12327,1.80258,0.152991,0.0468315,1.58334,0.0877792,0.0907849,1.3835
-0.178484,0.126723,1.84612,-0.19955,0.0547602,1.56802,-0.118047,0.0851667,1.35946,0.168745,0.124958,1.80212,0.153418,0.0428404,1.58793,0.0877992,0.0908863,1.38343
-0.178367,0.127243,1.84598,-0.199821,0.0549028,1.56801,-0.118054,0.0851599,1.35946,0.168852,0.125442,1.80191,0.153339,0.0421304,1.58879,0.0994949,0.112053,1.32068
-0.178429,0.128466,1.84563,-0.199923,0.0547753,1.56797,-0.118198,0.0851081,1.35915,0.168781,0.126618,1.80148,0.149997,0.0356301,1.60263,0.085458,0.0957676,1.37726
-0.178218,0.129305,1.84525,-0.200633,0.0545452,1.56788,-0.11829,0.0850981,1.35916,0.168987,0.127434,1.80102,0.150991,0.0360916,1.59962,0.101223,0.110588,1.33185
-0.178382,0.129651,1.84502,-0.201616,0.0533849,1.56814,-0.1183,0.0851508,1.35955,0.168815,0.127771,1.80075,0.1522,0.0422396,1.5922,0.0998323,0.112982,1.3239
-0.178351,0.129826,1.84495,-0.20211,0.0530474,1.56897,-0.118899,0.0850749,1.36078,0.168844,0.127937,1.80066,0.15218,0.0449708,1.58796,0.0817772,0.111883,1.32283
-0.178342,0.129855,1.84495,-0.202199,0.0531549,1.56876,-0.124587,0.0820852,1.36686,0.168853,0.12796,1.80065,0.152778,0.0476415,1.58339,0.0874787,0.110531,1.31596
-0.178308,0.129867,1.84492,-0.202257,0.0531642,1.5688,-0.124568,0.0821007,1.36685,0.168891,0.127968,1.8006,0.152492,0.048296,1.58024,0.0952091,0.0866011,1.37942
-0.178483,0.129813,1.84497,-0.202697,0.053097,1.56941,-0.124413,0.0821619,1.36686,0.168711,0.127904,1.80063,0.152614,0.0486537,1.57771,0.0946387,0.0869422,1.37769
-0.178503,0.12978,1.84497,-0.203364,0.0532241,1.57,-0.129164,0.0800836,1.37313,0.168688,0.127861,1.80062,0.153014,0.0486373,1.57731,0.0945622,0.086835,1.37741
-0.178639,0.129453,1.84495,-0.20405,0.0527692,1.57137,-0.125918,0.0821685,1.36714,0.168544,0.127509,1.80058,0.153209,0.0489721,1.57589,0.094144,0.0869293,1.37613
-0.178649,0.129459,1.84486,-0.204284,0.0526633,1.57148,-0.123794,0.0839207,1.3613,0.168532,0.127512,1.80046,0.154153,0.0492491,1.57617,0.0942633,0.0866807,1.37655
-0.178695,0.129494,1.84486,-0.204587,0.0525414,1.57159,-0.126279,0.0827721,1.36286,0.168485,0.127542,1.80045,0.154635,0.0503154,1.57352,0.0935501,0.0869681,1.37412
-0.17865,0.129451,1.84476,-0.205307,0.0526428,1.57199,-0.129659,0.0796481,1.36696,0.168535,0.12749,1.80034,0.155074,0.050424,1.57234,0.0663937,0.110717,1.31113
-0.179373,0.125659,1.84498,-0.206411,0.05204,1.57324,-0.128938,0.0799259,1.36786,0.167114,0.122764,1.80038,0.159508,0.0481477,1.5795,0.0962548,0.080644,1.37676
-0.182092,0.117427,1.84486,-0.206738,0.0520178,1.57292,-0.128506,0.0802793,1.36777,0.163167,0.113281,1.79996,0.159713,0.0477045,1.57973,0.0962303,0.0805999,1.37674
-0.183025,0.114878,1.84506,-0.207451,0.0514738,1.57,-0.127936,0.0802864,1.36758,0.161815,0.110506,1.80007,0.161278,0.0434972,1.58337,0.0964145,0.0798068,1.37733
-0.183144,0.114477,1.84529,-0.208156,0.050414,1.56738,-0.12758,0.0801363,1.36748,0.161549,0.110052,1.80027,0.166846,0.0322802,1.58866,0.0966009,0.0770857,1.37894
-0.183591,0.113048,1.84583,-0.214696,0.0210113,1.58917,-0.12996,0.0766473,1.36816,0.160843,0.108508,1.80076,0.16881,0.0278524,1.59281,0.096868,0.0743198,1.37968
-0.184339,0.111274,1.84564,-0.209953,0.0336317,1.56931,-0.129075,0.0765912,1.36706,0.15983,0.106593,1.80049,0.170285,0.0254452,1.59126,0.0968038,0.0706915,1.38012
-0.18452,0.110741,1.84569,-0.209686,0.0346033,1.56889,-0.12885,0.0765127,1.36661,0.164713,0.11102,1.80076,0.172894,0.0210222,1.58944,0.0971643,0.0647737,1.38271
-0.184635,0.110327,1.84587,-0.208901,0.0391617,1.56765,-0.108752,0.0942808,1.30939,0.166395,0.11172,1.80048,0.174814,0.0149324,1.58666,0.0967773,0.0596356,1.38375
-0.184726,0.110049,1.84596,-0.210066,0.0364315,1.56849,-0.13042,0.0651167,1.35967,0.162736,0.101137,1.79905,0.182392,0.0013972,1.58887,0.0981205,0.0519744,1.39047
-0.184563,0.10977,1.84609,-0.213488,0.0256365,1.57204,-0.130889,0.0635449,1.35985,0.163138,0.104347,1.80098,0.180292,-0.000986324,1.58364,0.0975692,0.043104,1.39388
-0.185137,0.112393,1.84405,-0.219585,0.0109857,1.57668,-0.131747,0.0521219,1.36928,0.163139,0.104794,1.80195,0.178549,-0.0188715,1.58249,0.0955302,0.0351822,1.39552
-0.185219,0.112851,1.84385,-0.226029,-0.00886025,1.58623,-0.132678,0.0284619,1.38883,0.162976,0.104392,1.80269,0.183943,-0.0363848,1.58859,0.0689855,-0.00773254,1.41354
-0.185109,0.112812,1.84375,-0.239918,-0.030627,1.60071,-0.138342,0.00776718,1.41441,0.162682,0.102678,1.80379,0.194834,-0.0821272,1.62557,0.0872168,-0.0137613,1.4387
-0.184497,0.111947,1.84358,-0.256985,-0.0514369,1.6191,-0.141718,-0.0153705,1.43563,0.161819,0.100532,1.80614,0.229339,-0.0932686,1.6351,0.0848497,-0.0268974,1.44316
-0.183655,0.109665,1.84358,-0.301599,-0.0921905,1.68139,-0.147064,-0.0434673,1.46486,0.161475,0.0978226,1.80818,0.239462,-0.100994,1.6453,0.0994688,-0.0832239,1.48845
-0.18296,0.105671,1.84288,-0.280808,-0.0860152,1.67956,-0.164895,-0.0771793,1.50288,0.162214,0.0819054,1.82242,0.224457,-0.105745,1.66516,0.100449,-0.0923422,1.49463
-0.181046,0.0883734,1.83998,-0.277052,-0.0893193,1.68939,-0.160994,-0.102521,1.51316,0.162764,0.0794034,1.82578,0.270342,-0.130838,1.7102,0.121675,-0.131774,1.54486
-0.180479,0.0836218,1.83965,-0.324929,-0.129454,1.72663,-0.18575,-0.114017,1.55925,0.163578,0.0778391,1.82912,0.272419,-0.13152,1.71031,0.125496,-0.139916,1.55765
-0.180469,0.0807469,1.83993,-0.323056,-0.129683,1.733,-0.184286,-0.135443,1.57407,0.165036,0.0760549,1.83134,0.274812,-0.134455,1.72178,0.124971,-0.157648,1.57567
-0.180578,0.0790638,1.84028,-0.320375,-0.130659,1.75415,-0.164584,-0.160779,1.57554,0.166106,0.0748935,1.83323,0.273424,-0.140377,1.74572,0.100787,-0.194695,1.5582
-0.181161,0.0764362,1.8411,-0.32227,-0.135546,1.77959,-0.160929,-0.181571,1.58462,0.167227,0.0737265,1.83515,0.275323,-0.14161,1.75676,0.132288,-0.198853,1.61367
-0.181351,0.074311,1.84187,-0.319176,-0.140004,1.78356,-0.160587,-0.198324,1.59462,0.168327,0.0727141,1.83704,0.272781,-0.146156,1.77875,0.110836,-0.219993,1.59581
-0.181708,0.0728141,1.84257,-0.314803,-0.141643,1.78928,-0.178546,-0.204411,1.62553,0.168926,0.0720823,1.83818,0.272758,-0.146904,1.78615,0.113801,-0.221394,1.59908
-0.182099,0.0717679,1.84342,-0.314033,-0.141908,1.80417,-0.169669,-0.216638,1.62092,0.16969,0.0710649,1.83942,0.273356,-0.148001,1.78888,0.114653,-0.224089,1.59994
-0.182275,0.0709001,1.84443,-0.312891,-0.142409,1.8029,-0.169596,-0.218894,1.62118,0.169981,0.0703054,1.84022,0.275116,-0.150484,1.79517,0.118804,-0.226583,1.60495
-0.182891,0.0699935,1.84551,-0.266121,-0.145218,1.81354,-0.171118,-0.220161,1.62198,0.1702,0.0695608,1.84152,0.275,-0.1503,1.79946,0.122082,-0.22756,1.60812
-0.183123,0.0693715,1.84604,-0.303711,-0.143406,1.80592,-0.193749,-0.216895,1.64182,0.170488,0.0687643,1.84276,0.275013,-0.150687,1.79995,0.127421,-0.228299,1.61416
-0.183183,0.0690023,1.8461,-0.300917,-0.147974,1.78029,-0.163426,-0.209509,1.63345,0.170797,0.0680487,1.84367,0.274824,-0.150897,1.8008,0.12779,-0.228794,1.61384
-0.183405,0.068759,1.84633,-0.314659,-0.140125,1.80593,-0.171959,-0.216292,1.60826,0.171118,0.0673141,1.84659,0.275125,-0.150602,1.80105,0.128119,-0.229047,1.6136
-0.183461,0.0686579,1.84635,-0.316477,-0.138739,1.80339,-0.192419,-0.190682,1.64097,0.171318,0.0662907,1.84914,0.276726,-0.148836,1.80351,0.127402,-0.229085,1.61068
-0.183208,0.0685906,1.8457,-0.31874,-0.135445,1.78897,-0.187857,-0.191478,1.63367,0.171484,0.0656257,1.85136,0.276837,-0.148704,1.80376,0.130778,-0.226767,1.61372
-0.18322,0.0686213,1.84523,-0.319033,-0.135553,1.78626,-0.187517,-0.188055,1.63021,0.171509,0.0646604,1.85484,0.22843,-0.14006,1.81191,0.143442,-0.212883,1.62158
-0.183739,0.0765874,1.84379,-0.311824,-0.133985,1.74883,-0.164055,-0.191876,1.61101,0.171258,0.0634221,1.85813,0.281509,-0.142246,1.8165,0.165548,-0.19771,1.64928
-0.183615,0.0800406,1.84242,-0.309578,-0.135544,1.73971,-0.156882,-0.187356,1.60498,0.170504,0.0625316,1.86221,0.281287,-0.14199,1.8166,0.16093,-0.199128,1.61421
-0.18178,0.0763908,1.83618,-0.310256,-0.135539,1.74045,-0.157247,-0.181634,1.60386,0.170151,0.0616402,1.86728,0.281171,-0.140437,1.81737,0.179286,-0.190431,1.63923
-0.180498,0.0751831,1.83147,-0.31131,-0.135009,1.74087,-0.103893,-0.184671,1.5676,0.169977,0.0604245,1.87291,0.280732,-0.138924,1.81791,0.182873,-0.18375,1.63605
-0.178423,0.0746316,1.82471,-0.311178,-0.132725,1.73814,-0.100334,-0.182614,1.56967,0.170182,0.0589618,1.87754,0.283832,-0.135154,1.82369,0.184498,-0.180304,1.6427
-0.176578,0.0745553,1.81864,-0.306155,-0.129012,1.72306,-0.0969982,-0.181229,1.57481,0.170293,0.0583785,1.88408,0.285204,-0.129721,1.83607,0.189759,-0.181473,1.65479
-0.172832,0.0746297,1.81151,-0.299779,-0.125158,1.70578,-0.0944501,-0.180502,1.57853,0.16894,0.0573838,1.88968,0.285108,-0.120765,1.8578,0.199185,-0.183358,1.67522
-0.171825,0.0749046,1.80941,-0.279732,-0.129582,1.67441,-0.0225536,-0.17394,1.57439,0.167441,0.0568451,1.89608,0.24123,-0.132799,1.88382,0.203343,-0.186619,1.6827
-0.164251,0.0757232,1.7977,-0.274798,-0.122882,1.66696,-0.0176516,-0.175343,1.57536,0.166517,0.0554804,1.90092,0.250481,-0.129778,1.88813,0.19197,-0.200534,1.67431
-0.160152,0.0763048,1.79135,-0.200364,-0.104861,1.65581,0.000203725,-0.176705,1.58077,0.165743,0.0527563,1.90798,0.254599,-0.129968,1.89864,0.205518,-0.202485,1.67359
-0.155834,0.0762728,1.78464,-0.198821,-0.103791,1.65433,0.00896127,-0.17823,1.58637,0.165244,0.0513106,1.91456,0.245383,-0.135066,1.91106,0.22676,-0.211422,1.67707
-0.152404,0.0761465,1.77931,-0.193307,-0.101288,1.64806,0.00572044,-0.177137,1.58961,0.16417,0.0501705,1.92133,0.236985,-0.138179,1.92751,0.236449,-0.210409,1.6859
-0.146811,0.0767008,1.77295,-0.186063,-0.097885,1.64141,0.00338868,-0.175314,1.59339,0.163303,0.0490905,1.92743,0.23188,-0.139782,1.9406,0.263332,-0.216079,1.69639
-0.144308,0.0767393,1.77001,-0.179371,-0.0970147,1.63752,0.00625396,-0.175656,1.59664,0.162735,0.0473167,1.93348,0.228197,-0.141411,1.95316,0.260427,-0.213712,1.70211
-0.142086,0.076616,1.76717,-0.170121,-0.0955162,1.63253,0.0330142,-0.179966,1.61416,0.161333,0.0462579,1.9382,0.223035,-0.140782,1.97006,0.251966,-0.214509,1.71358
-0.139905,0.0766355,1.76451,-0.164054,-0.0943246,1.62925,0.0404701,-0.188146,1.62133,0.159806,0.0455087,1.94299,0.219782,-0.140965,1.97876,0.209747,-0.192939,1.70142
-0.138324,0.0766688,1.76263,-0.15554,-0.0950037,1.62608,0.0409715,-0.19015,1.62418,0.158302,0.0445928,1.94592,0.211136,-0.140933,1.99131,0.20935,-0.192939,1.71382
-0.137149,0.0767738,1.76129,-0.147784,-0.0959204,1.62398,0.0396503,-0.191607,1.62665,0.156467,0.0441454,1.95083,0.205434,-0.141034,2.00012,0.208312,-0.197088,1.72345
-0.135909,0.0767708,1.75989,-0.14277,-0.0960824,1.62298,0.0378742,-0.192557,1.62896,0.155097,0.0437222,1.95364,0.201036,-0.142011,2.00899,0.208081,-0.206459,1.73428
-0.129041,0.075849,1.75185,-0.13827,-0.0966205,1.62203,0.0461568,-0.210023,1.64086,0.155171,0.0437527,1.95335,0.198723,-0.142413,2.01345,0.208606,-0.200426,1.73737
-0.126765,0.0756256,1.74973,-0.134325,-0.0969026,1.62114,0.038907,-0.203376,1.64001,0.155133,0.0438445,1.9532,0.196242,-0.143841,2.01886,0.230482,-0.224667,1.76567
-0.125409,0.0753491,1.74765,-0.130839,-0.097512,1.62027,0.0962052,-0.22386,1.67499,0.152975,0.0440158,1.95479,0.194337,-0.144486,2.02142,0.249815,-0.260698,1.80856
-0.124727,0.0754191,1.74644,-0.129524,-0.0975695,1.6202,0.112694,-0.206977,1.67686,0.152967,0.0443614,1.95422,0.192339,-0.145477,2.02384,0.249914,-0.260769,1.80867
-0.123863,0.0750723,1.74463,-0.128788,-0.0980277,1.61958,0.113308,-0.207517,1.6765,0.151348,0.0442278,1.95564,0.19197,-0.145556,2.0249,0.25343,-0.260619,1.80812
-0.123601,0.0750443,1.74404,-0.128444,-0.0982086,1.61921,0.0489806,-0.218834,1.6506,0.150156,0.0445414,1.95682,0.19141,-0.145571,2.02693,0.256146,-0.260751,1.80822
-0.123412,0.0751634,1.74357,-0.128325,-0.0982155,1.61894,0.11214,-0.212454,1.6738,0.149611,0.0447136,1.95708,0.191675,-0.145408,2.0272,0.257564,-0.26055,1.80695
-0.123487,0.0752153,1.74281,-0.128539,-0.0981243,1.61813,0.0403433,-0.205654,1.63997,0.150473,0.0447917,1.95555,0.192401,-0.144916,2.02717,0.211316,-0.211687,1.75362
-0.123907,0.0754587,1.74212,-0.129461,-0.0978285,1.61737,0.0395474,-0.205084,1.63951,0.151288,0.0449321,1.95389,0.194311,-0.143998,2.02527,0.211398,-0.211795,1.75185
-0.127174,0.0762175,1.74489,-0.131328,-0.097374,1.6165,0.0382132,-0.203837,1.63861,0.151997,0.0449594,1.95249,0.199591,-0.140728,2.01849,0.224457,-0.215328,1.74752
-0.12867,0.0766354,1.74611,-0.135867,-0.0958377,1.61477,0.0385142,-0.19693,1.62866,0.151316,0.0448848,1.95107,0.207914,-0.136628,2.00654,0.210115,-0.198463,1.73112
-0.129683,0.0776983,1.74502,-0.14067,-0.0936567,1.61253,0.0369616,-0.192708,1.59828,0.151142,0.0451576,1.94924,0.215573,-0.136841,1.99389,0.209328,-0.197064,1.71816
-0.132082,0.0793234,1.74412,-0.147563,-0.0894014,1.6086,0.0344412,-0.180459,1.59615,0.150263,0.0461822,1.94302,0.229146,-0.136215,1.96712,0.240365,-0.200157,1.73212
-0.134277,0.0798235,1.74635,-0.156362,-0.0824204,1.60131,0.0282217,-0.168381,1.58593,0.150471,0.0467467,1.9384,0.236919,-0.135833,1.94292,0.240205,-0.205383,1.70867
-0.136331,0.0807885,1.74849,-0.163081,-0.0768712,1.59441,0.0257223,-0.151465,1.5647,0.151215,0.0472057,1.93297,0.250116,-0.130405,1.91395,0.229452,-0.207913,1.68242
-0.138389,0.0816163,1.74997,-0.16582,-0.0708696,1.58201,0.0246143,-0.138415,1.54307,0.150432,0.0483607,1.92429,0.258065,-0.121712,1.87787,0.2765,-0.166743,1.60152
-0.140138,0.0827034,1.75168,-0.173796,-0.0613069,1.57194,0.0141309,-0.120055,1.50734,0.148652,0.0497433,1.91613,0.258506,-0.116162,1.85674,0.243788,-0.152545,1.58334
-0.147378,0.0909206,1.7541,-0.182896,-0.0461557,1.5591,0.00204043,-0.102023,1.48224,0.146805,0.0541925,1.90519,0.255425,-0.106564,1.82686,0.252396,-0.150387,1.54791
-0.152717,0.0973214,1.75685,-0.183182,-0.0394476,1.54838,-0.00197259,-0.0870999,1.45663,0.144326,0.0599809,1.89618,0.244838,-0.0942557,1.79266,0.196656,-0.10304,1.52166
-0.158595,0.10551,1.75993,-0.188122,-0.026664,1.5368,-0.0192344,-0.0674172,1.41936,0.141852,0.0656664,1.88592,0.236412,-0.0951089,1.78736,0.189983,-0.11632,1.53445
-0.156649,0.104026,1.76154,-0.189069,-0.0134118,1.5229,-0.0235267,-0.0535871,1.40021,0.141666,0.0660632,1.88414,0.225807,-0.108272,1.67309,0.166651,-0.0338453,1.4573
-0.155264,0.103845,1.76335,-0.189991,0.000425548,1.50981,-0.0365495,-0.0166623,1.36651,0.141336,0.066812,1.88119,0.225236,-0.0948416,1.65975,0.152675,-0.02798,1.44111
-0.156483,0.111447,1.76835,-0.19713,0.0542733,1.54255,-0.0458648,0.0265441,1.34514,0.139077,0.0692657,1.877,0.208795,-0.0669274,1.63373,0.170988,-0.0624645,1.42522
-0.157677,0.115702,1.77012,-0.195534,0.0385339,1.49507,-0.0494565,0.0354363,1.3394,0.135041,0.0727344,1.87297,0.197866,-0.0500081,1.62055,0.155428,-0.0328225,1.4136
-0.158778,0.121083,1.77249,-0.248075,0.0426418,1.54262,-0.0615209,0.0578101,1.33151,0.121297,0.0800441,1.86003,0.181351,-0.0262144,1.59934,0.126979,0.0167499,1.35726
-0.163166,0.135879,1.77644,-0.247907,0.0475265,1.54527,-0.106981,0.061163,1.35385,0.122153,0.0800949,1.85965,0.175976,-0.0384469,1.60301,0.103944,0.0340349,1.33971
-0.166111,0.140732,1.77536,-0.232398,0.0524071,1.53637,-0.0842778,0.0835163,1.3099,0.123357,0.0800046,1.85979,0.155517,-0.0213599,1.59212,0.0956825,0.0469035,1.34526
-0.166245,0.140888,1.7752,-0.195466,0.0842626,1.49408,-0.0697113,0.0994664,1.2771,0.12371,0.0801079,1.85992,0.151603,-0.0169832,1.59015,0.0947829,0.0466072,1.34724
-0.166208,0.140839,1.77516,-0.198661,0.0872795,1.49708,-0.070346,0.100129,1.27842,0.124,0.0803245,1.86017,0.143407,-0.00689221,1.61259,0.0923796,0.0491677,1.34965
-0.166057,0.140771,1.77505,-0.198925,0.0875407,1.49756,-0.0711369,0.101755,1.27995,0.124293,0.0808186,1.86037,0.13576,0.00114715,1.61603,0.0860255,0.0617285,1.34467
