-1.75211,1.66542,0,0.547331,0,0,0,-1.29113,1.7246,0,0.524164,0,0,0
-1.75312,1.66925,0,0.545637,0,0,0,-1.29141,1.71925,0,0.530828,0,0,0
-1.75377,1.67548,0,0.535176,0,0,0,-1.29097,1.71642,0,0.535253,0,0,0
-1.75543,1.67887,0,0.523813,0,0,0,-1.27871,1.71009,0,0.551499,0,0,0
-1.75742,1.68275,0,0.511416,0,0,0,-1.28409,1.7019,0,0.548629,0,0,0
-1.76705,1.68456,0,0.505371,0,0,0,-1.28564,1.69758,0,0.548207,0,0,0
-1.76165,1.69485,0,0.4683,0,0,0,-1.28294,1.69497,0,0.533563,0,0,0
-1.77586,1.68216,0,0.459585,0,0,0,-1.28925,1.69333,0,0.534102,0,0,0
-1.77915,1.68237,0,0.438307,0,0,0,-1.29105,1.68297,0,0.529473,0,0,0
-1.7841,1.67563,0,0.433645,0,0,0,-1.29026,1.68267,0,0.526233,0,0,0
-1.79012,1.66054,0,0.443033,0,0,0,-1.29183,1.67277,0,0.523521,0,0,0
-1.79347,1.65426,0,0.45083,0,0,0,-1.29249,1.66708,0,0.518771,0,0,0
-1.79478,1.65187,0,0.452848,0,0,0,-1.29658,1.6676,0,0.508886,0,0,0
-1.79703,1.64725,0,0.459142,0,0,0,-1.29668,1.66481,0,0.500265,0,0,0
-1.79449,1.6426,0,0.469021,0,0,0,-1.29887,1.66368,0,0.492241,0,0,0
-1.79179,1.64025,0,0.477069,0,0,0,-1.3025,1.66523,0,0.484802,0,0,0
-1.78469,1.63743,0,0.477533,0,0,0,-1.30433,1.6664,0,0.48038,0,0,0
-1.77592,1.63014,0,0.492428,0,0,0,-1.30821,1.67015,0,0.477003,0,0,0
-1.77271,1.62723,0,0.500201,0,0,0,-1.31031,1.67057,0,0.479058,0,0,0
-1.77246,1.6274,0,0.504406,0,0,0,-1.31264,1.6715,0,0.481289,0,0,0
-1.77347,1.62686,0,0.507997,0,0,0,-1.31393,1.67162,0,0.487804,0,0,0
-1.77577,1.62766,0,0.510917,0,0,0,-1.31436,1.67317,0,0.493684,0,0,0
-1.77696,1.62871,0,0.511899,0,0,0,-1.31308,1.67468,0,0.499619,0,0,0
-1.78107,1.63015,0,0.514375,0,0,0,-1.31183,1.6764,0,0.504025,0,0,0
-1.78445,1.63251,0,0.513589,0,0,0,-1.30957,1.67753,0,0.512172,0,0,0
-1.78876,1.63475,0,0.516963,0,0,0,-1.30892,1.68014,0,0.515918,0,0,0
-1.79488,1.63485,0,0.521231,0,0,0,-1.30884,1.6822,0,0.518447,0,0,0
-1.7996,1.63669,0,0.522204,0,0,0,-1.30884,1.6839,0,0.520314,0,0,0
-1.80287,1.63767,0,0.520664,0,0,0,-1.30633,1.68555,0,0.523137,0,0,0
-1.8061,1.6387,0,0.519742,0,0,0,-1.30455,1.68719,0,0.523853,0,0,0
-1.80976,1.63905,0,0.520526,0,0,0,-1.30383,1.68814,0,0.524164,0,0,0
-1.81366,1.63995,0,0.51923,0,0,0,-1.30355,1.69091,0,0.521888,0,0,0
-1.81749,1.6423,0,0.515967,0,0,0,-1.30144,1.69558,0,0.518891,0,0,0
-1.82324,1.64686,0,0.511985,0,0,0,-1.29882,1.70594,0,0.512015,0,0,0
-1.8333,1.65889,0,0.500613,0,0,0,-1.29407,1.7182,0,0.508498,0,0,0
-1.84748,1.67826,0,0.487751,0,0,0,-1.28769,1.74008,0,0.509361,0,0,0
-1.86497,1.69973,0,0.478318,0,0,0,-1.28177,1.76379,0,0.508986,0,0,0
-1.88327,1.72295,0,0.472348,0,0,0,-1.2685,1.80862,0,0.48607,0,0,0
-1.9068,1.75112,0,0.472088,0,0,0,-1.24984,1.85617,0,0.462194,0,0,0
-1.9296,1.77684,0,0.469804,0,0,0,-1.24299,1.89136,0,0.452444,0,0,0
-1.9585,1.80649,0,0.460565,0,0,0,-1.23214,1.93791,0,0.459276,0,0,0
-1.98979,1.83988,0,0.459198,0,0,0,-1.22711,1.97401,0,0.439767,0,0,0
-2.01051,1.89589,0,0.408668,0,0,0,-1.21742,2.01879,0,0.444251,0,0,0
-2.02094,1.92374,0,0.445102,0,0,0,-1.17768,2.10859,0,0.385868,0,0,0
-2.04666,1.96576,0,0.419938,0,0,0,-1.16393,2.14495,0,0.39017,0,0,0
-2.08147,2.00706,0,0.412266,0,0,0,-1.14217,2.20516,0,0.380679,0,0,0
-2.11781,2.04958,0,0.394891,0,0,0,-1.12234,2.24245,0,0.386144,0,0,0
-2.15619,2.07874,0,0.381673,0,0,0,-1.09643,2.29379,0,0.372101,0,0,0
-2.18995,2.10493,0,0.40792,0,0,0,-1.07603,2.32318,0,0.416159,0,0,0
-2.24069,2.14128,0,0.373394,0,0,0,-1.05294,2.37016,0,0.406018,0,0,0
-2.28713,2.16648,0,0.376481,0,0,0,-1.02729,2.41971,0,0.391576,0,0,0
-2.32978,2.17809,0,0.41463,0,0,0,-1.00207,2.45486,0,0.433076,0,0,0
-2.36798,2.19049,0,0.453414,0,0,0,-0.969349,2.48118,0,0.440945,0,0,0
-2.41271,2.21051,0,0.466051,0,0,0,-0.925707,2.52173,0,0.442383,0,0,0
-2.46214,2.22268,0,0.448003,0,0,0,-0.866799,2.56539,0,0.491856,0,0,0
-2.51924,2.24079,0,0.521409,0,0,0,-0.822823,2.57846,0,0.484349,0,0,0
-2.56506,2.25132,0,0.503608,0,0,0,-0.764974,2.60207,0,0.489618,0,0,0
-2.59773,2.25231,0,0.553408,0,0,0,-0.728536,2.60036,0,0.542654,0,0,0
-2.64549,2.25445,0,0.570264,0,0,0,-0.67186,2.61334,0,0.59303,0,0,0
-2.68745,2.24772,0,0.610767,0,0,0,-0.633208,2.61445,0,0.610477,0,0,0
-2.74763,2.2441,0,0.617767,0,0,0,-0.547121,2.62161,0,0.633183,0,0,0
-2.80583,2.24423,0,0.607788,0,0,0,-0.480828,2.62248,0,0.658673,0,0,0
-2.87916,2.23674,0,0.594419,0,0,0,-0.367363,2.63148,0,0.634108,0,0,0
-2.94875,2.24879,0,0.554669,0,0,0,-0.24364,2.64814,0,0.621228,0,0,0
-2.97303,2.24508,0,0.581531,0,0,0,-0.0365611,2.64691,0,0.553888,0,0,0
-3.01456,2.2347,0,0.611911,0,0,0,-0.0441134,2.64386,0,0.601643,0,0,0
-3.12974,2.20175,0,0.60002,0,0,0,-0.0242606,2.63468,0,0.660726,0,0,0
3.1201,2.1898,0,0.589734,0,0,0,0.0247007,2.62801,0,0.673065,0,0,0
3.07925,2.17925,0,0.587739,0,0,0,0.255569,2.6062,0,0.566791,0,0,0
3.04496,2.16617,0,0.607203,0,0,0,0.252204,2.60437,0,0.625174,0,0,0
3.01244,2.15078,0,0.620266,0,0,0,0.259637,2.59116,0,0.661287,0,0,0
2.98226,2.13309,0,0.633234,0,0,0,0.276501,2.57797,0,0.717111,0,0,0
2.99386,2.13187,0,0.696873,0,0,0,0.288967,2.56292,0,0.74442,0,0,0
2.99145,2.12683,0,0.734737,0,0,0,0.313633,2.54115,0,0.771752,0,0,0
2.98118,2.11464,0,0.774322,0,0,0,0.326643,2.52612,0,0.804372,0,0,0
2.96702,2.09947,0,0.799813,0,0,0,0.347846,2.50126,0,0.831512,0,0,0
2.84023,2.03285,0,0.697708,0,0,0,0.366308,2.4825,0,0.851903,0,0,0
2.82754,2.01659,0,0.713663,0,0,0,0.385307,2.46474,0,0.882881,0,0,0
2.81297,2.00452,0,0.727401,0,0,0,0.405148,2.44443,0,0.897906,0,0,0
2.79988,1.98489,0,0.740126,0,0,0,0.413801,2.427,0,0.918706,0,0,0
2.78998,1.96105,0,0.755757,0,0,0,0.417826,2.41071,0,0.949616,0,0,0
2.77541,1.94061,0,0.77381,0,0,0,0.42713,2.38414,0,0.974614,0,0,0
2.79091,1.92993,0,0.839652,0,0,0,0.519403,2.31802,0,0.880059,0,0,0
2.75377,1.89438,0,0.828285,0,0,0,0.525912,2.30197,0,0.894265,0,0,0
2.75966,1.89759,0,0.874096,0,0,0,0.531843,2.2844,0,0.916199,0,0,0
2.72324,1.86375,0,0.880625,0,0,0,0.532827,2.26805,0,0.942459,0,0,0
2.7062,1.84709,0,0.879413,0,0,0,0.530504,2.24656,0,0.966764,0,0,0
2.6928,1.83098,0,0.890101,0,0,0,0.525369,2.23102,0,0.997185,0,0,0
2.68098,1.80992,0,0.89772,0,0,0,0.522839,2.21009,0,1.02284,0,0,0
2.67181,1.78717,0,0.90994,0,0,0,0.514376,2.18815,0,1.0541,0,0,0
2.66635,1.77205,0,0.924399,0,0,0,0.511018,2.17225,0,1.07393,0,0,0
2.66029,1.75319,0,0.940147,0,0,0,0.509125,2.15583,0,1.10676,0,0,0
2.65967,1.7351,0,0.962034,0,0,0,0.497789,2.13927,0,1.13258,0,0,0
2.65851,1.72222,0,1.0145,0,0,0,0.4688,2.12515,0,1.1777,0,0,0
2.65965,1.70332,0,1.03261,0,0,0,0.446301,2.11283,0,1.21452,0,0,0
2.65915,1.69452,0,1.05391,0,0,0,0.433243,2.10503,0,1.24681,0,0,0
2.65846,1.68446,0,1.07685,0,0,0,0.418178,2.09394,0,1.27716,0,0,0
2.65828,1.67755,0,1.09664,0,0,0,0.411522,2.08873,0,1.30233,0,0,0
2.65862,1.67109,0,1.11891,0,0,0,0.406481,2.08508,0,1.32639,0,0,0
2.65543,1.65752,0,1.13592,0,0,0,0.402652,2.07999,0,1.35918,0,0,0
2.65255,1.64563,0,1.16942,0,0,0,0.405232,2.07335,0,1.37519,0,0,0
2.65112,1.63732,0,1.17607,0,0,0,0.399998,2.0698,0,1.3928,0,0,0
2.65193,1.62786,0,1.20817,0,0,0,0.397403,2.06535,0,1.41225,0,0,0
2.65134,1.62371,0,1.22185,0,0,0,0.396501,2.06446,0,1.42567,0,0,0
2.65297,1.61502,0,1.23679,0,0,0,0.396148,2.06177,0,1.44192,0,0,0
2.65345,1.61096,0,1.24562,0,0,0,0.395883,2.06073,0,1.44934,0,0,0
2.65982,1.61303,0,1.26238,0,0,0,0.395873,2.05952,0,1.45797,0,0,0
2.6625,1.61186,0,1.27081,0,0,0,0.395817,2.05825,0,1.46206,0,0,0
2.66465,1.61211,0,1.27386,0,0,0,0.395925,2.05761,0,1.4687,0,0,0
2.6626,1.60835,0,1.27231,0,0,0,0.395828,2.05761,0,1.47019,0,0,0
2.66087,1.60557,0,1.26981,0,0,0,0.396152,2.05716,0,1.4722,0,0,0
2.66028,1.60505,0,1.26589,0,0,0,0.396622,2.059,0,1.47426,0,0,0
2.6599,1.60451,0,1.25944,0,0,0,0.397713,2.06381,0,1.47789,0,0,0
2.65988,1.60617,0,1.24851,0,0,0,0.398417,2.06656,0,1.47029,0,0,0
2.65979,1.60762,0,1.20871,0,0,0,0.397517,2.06851,0,1.45672,0,0,0
2.6612,1.6133,0,1.20043,0,0,0,0.3967,2.07308,0,1.43369,0,0,0
2.66546,1.62302,0,1.19231,0,0,0,0.395992,2.07836,0,1.40272,0,0,0
2.66936,1.63245,0,1.17675,0,0,0,0.397362,2.08472,0,1.36641,0,0,0
2.67146,1.64614,0,1.15666,0,0,0,0.401426,2.09084,0,1.32351,0,0,0
2.67195,1.65805,0,1.1322,0,0,0,0.405867,2.09807,0,1.27737,0,0,0
2.67285,1.67609,0,1.10874,0,0,0,0.4264,2.10831,0,1.2188,0,0,0
2.67346,1.69435,0,1.07759,0,0,0,0.440348,2.12042,0,1.16991,0,0,0
2.67381,1.71718,0,1.04649,0,0,0,0.453088,2.1305,0,1.11418,0,0,0
2.67275,1.74083,0,1.01452,0,0,0,0.460225,2.13875,0,1.06607,0,0,0
2.67129,1.76203,0,0.963793,0,0,0,0.464135,2.15007,0,1.00759,0,0,0
2.6697,1.78701,0,0.936639,0,0,0,0.467411,2.16187,0,0.944514,0,0,0
2.67121,1.8138,0,0.911144,0,0,0,0.468682,2.17759,0,0.876263,0,0,0
2.67203,1.83996,0,0.87403,0,0,0,0.469574,2.19407,0,0.834124,0,0,0
2.67942,1.85886,0,0.849864,0,0,0,0.476342,2.21321,0,0.778673,0,0,0
2.69261,1.8769,0,0.820705,0,0,0,0.481124,2.23397,0,0.734805,0,0,0
2.70734,1.90875,0,0.794448,0,0,0,0.467192,2.25953,0,0.708696,0,0,0
2.72263,1.93322,0,0.760176,0,0,0,0.462594,2.28122,0,0.672322,0,0,0
2.74704,1.95642,0,0.73973,0,0,0,0.447701,2.30947,0,0.645,0,0,0
2.77176,1.9841,0,0.726331,0,0,0,0.430908,2.33863,0,0.604816,0,0,0
2.7996,2.00638,0,0.717082,0,0,0,0.405129,2.36482,0,0.606285,0,0,0
2.82976,2.02686,0,0.710719,0,0,0,0.382541,2.39281,0,0.586311,0,0,0
2.85918,2.04676,0,0.688319,0,0,0,0.350284,2.4204,0,0.57879,0,0,0
2.887,2.07079,0,0.690343,0,0,0,0.319724,2.45258,0,0.553087,0,0,0
2.91207,2.09066,0,0.691798,0,0,0,0.290972,2.48008,0,0.53136,0,0,0
2.94278,2.11278,0,0.671685,0,0,0,0.255993,2.50227,0,0.511558,0,0,0
2.97985,2.12946,0,0.671989,0,0,0,0.211551,2.52136,0,0.494724,0,0,0
3.01921,2.14649,0,0.672084,0,0,0,0.149001,2.54076,0,0.485653,0,0,0
3.05911,2.16028,0,0.66376,0,0,0,-0.0941612,2.57477,0,0.63724,0,0,0
3.10831,2.1679,0,0.663314,0,0,0,-0.112573,2.5728,0,0.590864,0,0,0
-3.12357,2.17371,0,0.659869,0,0,0,-0.138188,2.5769,0,0.545135,0,0,0
-3.06708,2.18043,0,0.650412,0,0,0,-0.202799,2.56697,0,0.522662,0,0,0
-3.00694,2.18502,0,0.65348,0,0,0,-0.238001,2.56559,0,0.480931,0,0,0
-2.95003,2.18727,0,0.656363,0,0,0,-0.354893,2.56726,0,0.491437,0,0,0
-2.88421,2.18541,0,0.647476,0,0,0,-0.402838,2.55524,0,0.463193,0,0,0
-2.82893,2.17982,0,0.649645,0,0,0,-0.469832,2.53764,0,0.45382,0,0,0
-2.75668,2.16691,0,0.654243,0,0,0,-0.549077,2.51138,0,0.461042,0,0,0
-2.70383,2.16072,0,0.640223,0,0,0,-0.61185,2.48954,0,0.449935,0,0,0
-2.65749,2.15479,0,0.61694,0,0,0,-0.670215,2.51896,0,0.412899,0,0,0
-2.58233,2.17339,0,0.621976,0,0,0,-0.794075,2.40133,0,0.529751,0,0,0
-2.5634,2.17048,0,0.583591,0,0,0,-0.796656,2.40062,0,0.359212,0,0,0
-2.53348,2.16732,0,0.553593,0,0,0,-0.806871,2.39452,0,0.353714,0,0,0
-2.49112,2.15864,0,0.540414,0,0,0,-0.850764,2.40114,0,0.322503,0,0,0
-2.43049,2.13819,0,0.351581,0,0,0,-0.871054,2.3851,0,0.284992,0,0,0
-2.40016,2.12429,0,0.383908,0,0,0,-0.894903,2.36183,0,0.256651,0,0,0
-2.36423,2.10601,0,0.393374,0,0,0,-0.926762,2.32785,0,0.268581,0,0,0
-2.32056,2.08046,0,0.413466,0,0,0,-0.965351,2.2892,0,0.286534,0,0,0
-2.28318,2.05469,0,0.507836,0,0,0,-0.987909,2.2574,0,0.30759,0,0,0
-2.23737,2.02253,0,0.368984,0,0,0,-1.01286,2.21141,0,0.311682,0,0,0
-2.20638,2.00969,0,0.401722,0,0,0,-1.03627,2.17096,0,0.307397,0,0,0
-2.16785,1.98595,0,0.418055,0,0,0,-1.05868,2.1328,0,0.277798,0,0,0
-2.13208,1.96247,0,0.410418,0,0,0,-1.08366,2.0934,0,0.298111,0,0,0
-2.08611,1.92796,0,0.440949,0,0,0,-1.09154,2.0661,0,0.287991,0,0,0
-2.0612,1.9085,0,0.386502,0,0,0,-1.12559,2.01591,0,0.315014,0,0,0
-2.0411,1.89249,0,0.369272,0,0,0,-1.1322,1.99562,0,0.290666,0,0,0
-2.01786,1.87135,0,0.361548,0,0,0,-1.16148,1.94447,0,0.309644,0,0,0
-1.99385,1.85036,0,0.35201,0,0,0,-1.17567,1.91522,0,0.320038,0,0,0
-1.96738,1.80722,0,0.395311,0,0,0,-1.18894,1.88652,0,0.323061,0,0,0
-1.9471,1.78431,0,0.4101,0,0,0,-1.20158,1.85699,0,0.32534,0,0,0
-1.93222,1.76528,0,0.406188,0,0,0,-1.21146,1.82871,0,0.340472,0,0,0
-1.91821,1.74531,0,0.40673,0,0,0,-1.2202,1.80658,0,0.348852,0,0,0
-1.90272,1.72609,0,0.409579,0,0,0,-1.23107,1.78904,0,0.352837,0,0,0
-1.89014,1.70957,0,0.413625,0,0,0,-1.23696,1.77749,0,0.355098,0,0,0
-1.8729,1.69129,0,0.423024,0,0,0,-1.2446,1.76694,0,0.355516,0,0,0
-1.85557,1.67378,0,0.426743,0,0,0,-1.25399,1.75283,0,0.364214,0,0,0
-1.84241,1.65829,0,0.434532,0,0,0,-1.26138,1.74225,0,0.37402,0,0,0
-1.83177,1.64456,0,0.442845,0,0,0,-1.26652,1.73551,0,0.379086,0,0,0
-1.82511,1.63539,0,0.449724,0,0,0,-1.27275,1.72984,0,0.386076,0,0,0
-1.81671,1.62657,0,0.462502,0,0,0,-1.27655,1.72489,0,0.39401,0,0,0
-1.81224,1.62085,0,0.468736,0,0,0,-1.27968,1.72121,0,0.400446,0,0,0
-1.80939,1.61723,0,0.468846,0,0,0,-1.28249,1.71884,0,0.405548,0,0,0
-1.80695,1.61321,0,0.473093,0,0,0,-1.28508,1.71702,0,0.410433,0,0,0
-1.8057,1.61226,0,0.472717,0,0,0,-1.28652,1.71639,0,0.412763,0,0,0
-1.8041,1.61134,0,0.474796,0,0,0,-1.28758,1.71637,0,0.417189,0,0,0
-1.80352,1.61129,0,0.476858,0,0,0,-1.2891,1.71707,0,0.420745,0,0,0
-1.80299,1.61165,0,0.478828,0,0,0,-1.29134,1.71863,0,0.423778,0,0,0
-1.8027,1.61245,0,0.484121,0,0,0,-1.29357,1.7213,0,0.427668,0,0,0
-1.80262,1.61403,0,0.4936,0,0,0,-1.29434,1.7269,0,0.426211,0,0,0
-1.80337,1.61883,0,0.502728,0,0,0,-1.29267,1.73633,0,0.428768,0,0,0
-1.80528,1.62696,0,0.511798,0,0,0,-1.2893,1.74855,0,0.429284,0,0,0
-1.80675,1.63697,0,0.513316,0,0,0,-1.27943,1.77282,0,0.421879,0,0,0
-1.81186,1.65333,0,0.519608,0,0,0,-1.26798,1.80514,0,0.435809,0,0,0
-1.8201,1.67099,0,0.519765,0,0,0,-1.25909,1.83118,0,0.437959,0,0,0
-1.83478,1.69729,0,0.516119,0,0,0,-1.25072,1.86062,0,0.450032,0,0,0
-1.86024,1.7304,0,0.507118,0,0,0,-1.23605,1.90293,0,0.450655,0,0,0
-1.88918,1.77278,0,0.481714,0,0,0,-1.2215,1.94949,0,0.449078,0,0,0
-1.92873,1.81922,0,0.459603,0,0,0,-1.21539,1.99379,0,0.438275,0,0,0
-1.95903,1.85275,0,0.453593,0,0,0,-1.19187,2.05733,0,0.425424,0,0,0
-1.97883,1.91449,0,0.417424,0,0,0,-1.1735,2.1511,0,0.370013,0,0,0
-1.99802,1.94831,0,0.447898,0,0,0,-1.16787,2.18739,0,0.415062,0,0,0
-2.01571,1.99844,0,0.444702,0,0,0,-1.14763,2.24451,0,0.407722,0,0,0
-2.052,2.03665,0,0.445085,0,0,0,-1.12555,2.30584,0,0.441934,0,0,0
-2.09754,2.07528,0,0.453098,0,0,0,-1.09928,2.3716,0,0.390945,0,0,0
-2.14072,2.11401,0,0.444719,0,0,0,-1.07237,2.43967,0,0.408649,0,0,0
-2.19062,2.1463,0,0.445583,0,0,0,-1.04502,2.48958,0,0.420525,0,0,0
-2.24017,2.17685,0,0.460892,0,0,0,-1.00498,2.54644,0,0.412925,0,0,0
-2.2817,2.19618,0,0.480464,0,0,0,-0.967142,2.57878,0,0.448289,0,0,0
-2.33302,2.2139,0,0.491347,0,0,0,-0.904264,2.63019,0,0.538639,0,0,0
-2.3947,2.24411,0,0.454138,0,0,0,-0.85078,2.66217,0,0.536084,0,0,0
-2.47356,2.26643,0,0.58535,0,0,0,-0.804574,2.68025,0,0.621309,0,0,0
-2.49599,2.2679,0,0.602554,0,0,0,-0.763492,2.68074,0,0.679156,0,0,0
-2.58594,2.25954,0,0.507766,0,0,0,-0.57155,2.70066,0,0.542526,0,0,0
-2.59903,2.2588,0,0.695963,0,0,0,-0.524592,2.70926,0,0.594149,0,0,0
-2.68062,2.25261,0,0.663331,0,0,0,-0.431839,2.71937,0,0.617417,0,0,0
-2.70717,2.25468,0,0.708173,0,0,0,-0.31455,2.72831,0,0.625118,0,0,0
-2.7992,2.25062,0,0.691235,0,0,0,-0.285164,2.71632,0,0.760462,0,0,0
-2.83656,2.25835,0,0.708763,0,0,0,-0.230839,2.70454,0,0.795424,0,0,0
-2.89082,2.25095,0,0.736935,0,0,0,-0.17812,2.69454,0,0.844411,0,0,0
-2.94048,2.24096,0,0.754878,0,0,0,-0.112149,2.68089,0,0.877735,0,0,0
-2.98923,2.2278,0,0.779294,0,0,0,-0.0377554,2.66874,0,0.912103,0,0,0
-3.02898,2.21259,0,0.829939,0,0,0,0.0338124,2.65557,0,0.931587,0,0,0
-3.0868,2.20208,0,0.860231,0,0,0,0.0923594,2.64616,0,0.957064,0,0,0
-3.12933,2.18569,0,0.871291,0,0,0,0.142446,2.63394,0,0.979436,0,0,0
3.11914,2.17249,0,0.884886,0,0,0,0.193414,2.61977,0,1.00404,0,0,0
3.09227,2.15733,0,0.90206,0,0,0,0.204256,2.60611,0,1.04621,0,0,0
3.06957,2.1417,0,0.941415,0,0,0,0.214163,2.58957,0,1.08774,0,0,0
3.03088,2.12806,0,0.962858,0,0,0,0.206761,2.56228,0,1.13165,0,0,0
3.00421,2.11625,0,0.98399,0,0,0,0.207038,2.53542,0,1.15995,0,0,0
2.98039,2.10579,0,1.00548,0,0,0,0.202898,2.50805,0,1.20424,0,0,0
2.9538,2.09262,0,1.02362,0,0,0,0.197261,2.48497,0,1.23266,0,0,0
2.9297,2.0956,0,1.04491,0,0,0,0.327931,2.473,0,1.15104,0,0,0
2.90297,2.07899,0,1.05599,0,0,0,0.340684,2.46679,0,1.16146,0,0,0
2.87781,2.0636,0,1.08754,0,0,0,0.353849,2.45772,0,1.17952,0,0,0
2.86141,2.04919,0,1.11758,0,0,0,0.35978,2.44854,0,1.19815,0,0,0
2.84732,2.03807,0,1.12872,0,0,0,0.362916,2.43587,0,1.22964,0,0,0
2.83277,2.02182,0,1.17896,0,0,0,0.364602,2.42308,0,1.26003,0,0,0
2.82135,2.00506,0,1.19596,0,0,0,0.370037,2.40766,0,1.29279,0,0,0
2.81292,1.99309,0,1.23569,0,0,0,0.374622,2.39442,0,1.31644,0,0,0
2.80356,1.9816,0,1.27316,0,0,0,0.377564,2.38299,0,1.34416,0,0,0
2.79861,1.96846,0,1.32434,0,0,0,0.380044,2.36851,0,1.37573,0,0,0
2.79618,1.95663,0,1.3623,0,0,0,0.379405,2.35715,0,1.41809,0,0,0
2.78937,1.94323,0,1.4094,0,0,0,0.381218,2.34806,0,1.44175,0,0,0
2.78867,1.93363,0,1.45452,0,0,0,0.379947,2.3407,0,1.47165,0,0,0
2.78841,1.92401,0,1.46277,0,0,0,0.381115,2.3353,0,1.51613,0,0,0
2.78421,1.91448,0,1.49723,0,0,0,0.376401,2.32537,0,1.54888,0,0,0
2.77995,1.90702,0,1.52656,0,0,0,0.377172,2.31555,0,1.56589,0,0,0
2.77233,1.89169,0,1.53404,0,0,0,0.384489,2.30262,0,1.63067,0,0,0
2.76741,1.89012,0,1.67515,0,0,0,0.385743,2.29944,0,1.63296,0,0,0
2.7596,1.88437,0,1.66131,0,0,0,0.385819,2.29461,0,1.63983,0,0,0
2.75681,1.88112,0,1.66236,0,0,0,0.38579,2.29276,0,1.65118,0,0,0
2.75051,1.87601,0,1.67113,0,0,0,0.384013,2.28849,0,1.66707,0,0,0
2.74812,1.87317,0,1.67788,0,0,0,0.383642,2.28814,0,1.68088,0,0,0
2.74642,1.87079,0,1.67825,0,0,0,0.383495,2.28648,0,1.6895,0,0,0
2.7459,1.86954,0,1.67644,0,0,0,0.3818,2.28323,0,1.70203,0,0,0
2.7452,1.86832,0,1.67391,0,0,0,0.382589,2.28179,0,1.70717,0,0,0
2.74364,1.86811,0,1.66998,0,0,0,0.382062,2.28147,0,1.71915,0,0,0
2.74342,1.86898,0,1.66139,0,0,0,0.382068,2.28118,0,1.77075,0,0,0
2.74346,1.86994,0,1.64985,0,0,0,0.382633,2.28162,0,1.71058,0,0,0
2.74383,1.87191,0,1.53241,0,0,0,0.382182,2.2823,0,1.70415,0,0,0
2.74607,1.87407,0,1.53087,0,0,0,0.381968,2.28332,0,1.68783,0,0,0
2.74962,1.88059,0,1.52307,0,0,0,0.388912,2.27918,0,1.65509,0,0,0
2.75633,1.88881,0,1.49604,0,0,0,0.388236,2.28264,0,1.60251,0,0,0
2.76694,1.90576,0,1.4886,0,0,0,0.385647,2.28658,0,1.52535,0,0,0
2.77151,1.91382,0,1.43755,0,0,0,0.384233,2.29356,0,1.49601,0,0,0
2.77355,1.92211,0,1.38051,0,0,0,0.382817,2.29948,0,1.44351,0,0,0
2.78198,1.93259,0,1.32775,0,0,0,0.379948,2.30723,0,1.3848,0,0,0
2.79209,1.95148,0,1.31628,0,0,0,0.374411,2.31861,0,1.33504,0,0,0
2.80117,1.9738,0,1.25341,0,0,0,0.367404,2.33463,0,1.2682,0,0,0
2.81414,1.99724,0,1.20086,0,0,0,0.358481,2.36062,0,1.16239,0,0,0
2.82887,2.0193,0,1.15774,0,0,0,0.349037,2.38562,0,1.14844,0,0,0
2.84168,2.03773,0,1.05095,0,0,0,0.33701,2.40893,0,1.09124,0,0,0
2.85858,2.05735,0,1.02222,0,0,0,0.32764,2.4303,0,1.03313,0,0,0
2.87917,2.08295,0,0.974289,0,0,0,0.309352,2.45834,0,0.962079,0,0,0
2.90511,2.10568,0,0.933091,0,0,0,0.290594,2.48003,0,0.884651,0,0,0
2.92743,2.12241,0,0.874155,0,0,0,0.26782,2.5066,0,0.819594,0,0,0
2.95974,2.14509,0,0.838953,0,0,0,0.230728,2.53524,0,0.745715,0,0,0
2.9959,2.15557,0,0.822018,0,0,0,0.165422,2.56544,0,0.721386,0,0,0
3.04024,2.17383,0,0.811621,0,0,0,0.0753983,2.58894,0,0.695407,0,0,0
3.09932,2.18562,0,0.80009,0,0,0,-0.0348199,2.61043,0,0.675487,0,0,0
-3.1315,2.19027,0,0.789515,0,0,0,-0.134393,2.61389,0,0.636322,0,0,0
-3.08942,2.20161,0,0.761273,0,0,0,-0.272475,2.60905,0,0.644836,0,0,0
-3.04012,2.2105,0,0.747382,0,0,0,-0.366647,2.60263,0,0.625056,0,0,0
-2.99647,2.21292,0,0.715075,0,0,0,-0.497763,2.57851,0,0.619431,0,0,0
-2.94155,2.21112,0,0.706662,0,0,0,-0.637613,2.57396,0,0.648817,0,0,0
-2.88215,2.21696,0,0.683819,0,0,0,-0.683362,2.54596,0,0.567698,0,0,0
-2.81232,2.21196,0,0.700765,0,0,0,-0.717681,2.52997,0,0.511243,0,0,0
-2.74827,2.22287,0,0.557242,0,0,0,-0.787361,2.53555,0,0.407631,0,0,0
-2.67946,2.19523,0,0.604765,0,0,0,-0.805895,2.52437,0,0.412351,0,0,0
-2.63958,2.18128,0,0.58078,0,0,0,-0.848412,2.49744,0,0.396315,0,0,0
-2.58803,2.20798,0,0.601844,0,0,0,-0.922668,2.41193,0,0.463432,0,0,0
-2.56937,2.20497,0,0.423733,0,0,0,-0.930642,2.39825,0,0.281522,0,0,0
-2.53293,2.19984,0,0.429328,0,0,0,-0.965531,2.36423,0,0.319273,0,0,0
-2.48389,2.19215,0,0.436391,0,0,0,-1.00348,2.31526,0,0.334266,0,0,0
-2.43864,2.17455,0,0.426711,0,0,0,-1.02371,2.2818,0,0.308775,0,0,0
-2.38619,2.14948,0,0.453687,0,0,0,-1.05219,2.23726,0,0.305933,0,0,0
-2.33259,2.11745,0,0.418366,0,0,0,-1.06768,2.20447,0,0.300028,0,0,0
-2.2914,2.09412,0,0.408721,0,0,0,-1.08541,2.16874,0,0.289138,0,0,0
-2.24646,2.06941,0,0.416358,0,0,0,-1.09884,2.1335,0,0.271696,0,0,0
-2.2024,2.0398,0,0.417279,0,0,0,-1.11309,2.09099,0,0.255072,0,0,0
-2.14127,2.00311,0,0.430554,0,0,0,-1.12433,2.05369,0,0.278988,0,0,0
-2.09935,1.96628,0,0.427591,0,0,0,-1.13608,2.01801,0,0.27345,0,0,0
-2.06821,1.93465,0,0.392999,0,0,0,-1.15184,1.98389,0,0.283554,0,0,0
-2.04243,1.90962,0,0.365012,0,0,0,-1.16692,1.94793,0,0.298401,0,0,0
-2.0115,1.87806,0,0.358738,0,0,0,-1.17955,1.91273,0,0.295897,0,0,0
-1.96977,1.82049,0,0.412605,0,0,0,-1.18687,1.88273,0,0.286599,0,0,0
-1.94709,1.78993,0,0.411604,0,0,0,-1.19457,1.85599,0,0.283128,0,0,0
-1.92796,1.76347,0,0.398992,0,0,0,-1.20345,1.82771,0,0.302164,0,0,0
-1.90515,1.73167,0,0.41265,0,0,0,-1.21287,1.80086,0,0.312558,0,0,0
-1.88968,1.71011,0,0.418599,0,0,0,-1.22137,1.78029,0,0.316219,0,0,0
-1.8737,1.68295,0,0.423533,0,0,0,-1.23253,1.75648,0,0.324286,0,0,0
-1.86,1.66626,0,0.428022,0,0,0,-1.24007,1.73921,0,0.333564,0,0,0
-1.84923,1.65106,0,0.436004,0,0,0,-1.24706,1.72797,0,0.332848,0,0,0
-1.83918,1.63757,0,0.432699,0,0,0,-1.25472,1.71524,0,0.335669,0,0,0
-1.83231,1.62397,0,0.435451,0,0,0,-1.26297,1.7035,0,0.344814,0,0,0
-1.8271,1.61168,0,0.438407,0,0,0,-1.2685,1.69238,0,0.352937,0,0,0
-1.82129,1.60278,0,0.439716,0,0,0,-1.27542,1.68277,0,0.361933,0,0,0
-1.81707,1.59481,0,0.43809,0,0,0,-1.28037,1.67558,0,0.370209,0,0,0
-1.81351,1.59053,0,0.433587,0,0,0,-1.28394,1.67078,0,0.375556,0,0,0
-1.81103,1.58572,0,0.431252,0,0,0,-1.28643,1.668,0,0.377548,0,0,0
-1.8078,1.58377,0,0.430304,0,0,0,-1.28844,1.66683,0,0.379029,0,0,0
-1.8066,1.58243,0,0.430021,0,0,0,-1.28991,1.66599,0,0.381799,0,0,0
-1.8057,1.58244,0,0.430039,0,0,0,-1.29114,1.66617,0,0.384832,0,0,0
-1.80525,1.58257,0,0.4304,0,0,0,-1.29242,1.66755,0,0.38958,0,0,0
-1.8056,1.58482,0,0.433957,0,0,0,-1.2957,1.67528,0,0.391,0,0,0
-1.80679,1.58998,0,0.440003,0,0,0,-1.29902,1.68546,0,0.388263,0,0,0
-1.80866,1.60256,0,0.450425,0,0,0,-1.29954,1.70202,0,0.384727,0,0,0
-1.81401,1.61845,0,0.457492,0,0,0,-1.29943,1.72251,0,0.375521,0,0,0
-1.82454,1.6436,0,0.450375,0,0,0,-1.29745,1.75073,0,0.36917,0,0,0
-1.83789,1.66634,0,0.463068,0,0,0,-1.29316,1.78067,0,0.371506,0,0,0
-1.85982,1.69866,0,0.466526,0,0,0,-1.28119,1.82869,0,0.381362,0,0,0
-1.90265,1.74354,0,0.444635,0,0,0,-1.27179,1.87674,0,0.348488,0,0,0
-1.94363,1.79182,0,0.430573,0,0,0,-1.25795,1.93242,0,0.360529,0,0,0
-1.97894,1.8364,0,0.415789,0,0,0,-1.23588,1.993,0,0.333089,0,0,0
-2.01823,1.87657,0,0.439771,0,0,0,-1.22679,2.05483,0,0.315988,0,0,0
-2.04238,1.96924,0,0.343957,0,0,0,-1.2047,2.11506,0,0.320207,0,0,0
-2.06175,1.99819,0,0.416759,0,0,0,-1.17482,2.18212,0,0.354247,0,0,0
-2.10532,2.04619,0,0.430091,0,0,0,-1.14107,2.26074,0,0.284236,0,0,0
-2.17135,2.10484,0,0.380829,0,0,0,-1.11719,2.31077,0,0.350989,0,0,0
-2.2117,2.13631,0,0.424119,0,0,0,-1.06813,2.37815,0,0.333224,0,0,0
-2.26789,2.16532,0,0.446034,0,0,0,-1.0192,2.42894,0,0.357293,0,0,0
-2.33546,2.2021,0,0.418461,0,0,0,-0.974705,2.46146,0,0.434799,0,0,0
-2.40803,2.23739,0,0.400739,0,0,0,-0.928111,2.48616,0,0.436875,0,0,0
-2.49972,2.27214,0,0.374453,0,0,0,-0.81803,2.55472,0,0.387165,0,0,0
-2.5406,2.28296,0,0.42594,0,0,0,-0.786351,2.56098,0,0.55388,0,0,0
-2.61941,2.2542,0,0.514846,0,0,0,-0.638808,2.56769,0,0.498422,0,0,0
-2.66547,2.25159,0,0.566993,0,0,0,-0.620171,2.57156,0,0.616613,0,0,0
-2.7269,2.24625,0,0.611151,0,0,0,-0.549547,2.58492,0,0.698312,0,0,0
-2.78763,2.24119,0,0.600443,0,0,0,-0.391769,2.5826,0,0.657538,0,0,0
-2.85512,2.23235,0,0.672947,0,0,0,-0.29385,2.58642,0,0.744857,0,0,0
-2.91104,2.22044,0,0.711726,0,0,0,-0.209106,2.58322,0,0.737593,0,0,0
-2.96398,2.20929,0,0.744717,0,0,0,-0.150673,2.57634,0,0.784217,0,0,0
-3.00479,2.19755,0,0.825032,0,0,0,-0.0874569,2.56298,0,0.825997,0,0,0
-3.03486,2.17971,0,0.841899,0,0,0,-0.0230482,2.54921,0,0.853863,0,0,0
-3.06321,2.16364,0,0.89463,0,0,0,0.0317009,2.53328,0,0.897898,0,0,0
-3.08288,2.14148,0,0.921491,0,0,0,0.0656175,2.51883,0,0.950221,0,0,0
-3.1105,2.12683,0,0.95028,0,0,0,0.0913745,2.5093,0,1.00405,0,0,0
-3.13341,2.11692,0,0.985392,0,0,0,0.114879,2.49779,0,1.06416,0,0,0
3.13502,2.10409,0,1.01362,0,0,0,0.058114,2.49127,0,1.17744,0,0,0
3.12859,2.09633,0,1.05736,0,0,0,0.10441,2.47731,0,1.20629,0,0,0
3.12174,2.08818,0,1.1071,0,0,0,0.121909,2.47016,0,1.23224,0,0,0
3.11952,2.07904,0,1.1749,0,0,0,0.133019,2.45977,0,1.27932,0,0,0
3.11925,2.07529,0,1.23075,0,0,0,0.139101,2.45275,0,1.32303,0,0,0
3.12265,2.07107,0,1.28798,0,0,0,0.143787,2.44297,0,1.37109,0,0,0
3.12837,2.06598,0,1.35367,0,0,0,0.143081,2.43413,0,1.40495,0,0,0
3.13897,2.05672,0,1.41172,0,0,0,0.144558,2.43001,0,1.4413,0,0,0
-3.13528,2.04874,0,1.46094,0,0,0,0.142481,2.4251,0,1.48328,0,0,0
-3.12024,2.0405,0,1.51605,0,0,0,0.136753,2.42149,0,1.52081,0,0,0
-3.11254,2.03665,0,1.56437,0,0,0,0.133219,2.41655,0,1.56759,0,0,0
-3.09531,2.04831,0,1.61264,0,0,0,0.127466,2.4104,0,1.60858,0,0,0
-3.08582,2.05341,0,1.79562,0,0,0,0.125936,2.40558,0,1.64611,0,0,0
-3.08603,2.05009,0,1.93983,0,0,0,0.126033,2.40237,0,1.67533,0,0,0
-3.08039,2.04445,0,1.95154,0,0,0,0.126527,2.40014,0,1.70124,0,0,0
-3.07518,2.03794,0,1.97143,0,0,0,0.123866,2.39638,0,1.72514,0,0,0
-3.06938,2.03209,0,1.99244,0,0,0,0.123853,2.39428,0,1.74907,0,0,0
-3.06685,2.02802,0,1.9198,0,0,0,0.124345,2.39137,0,1.75897,0,0,0
-3.06638,2.02531,0,1.91991,0,0,0,0.124005,2.39035,0,1.76712,0,0,0
-3.06647,2.02362,0,1.91936,0,0,0,0.125366,2.38923,0,1.77392,0,0,0
-3.0562,2.02866,0,2.05077,0,0,0,0.123511,2.3877,0,1.78008,0,0,0
-3.0592,2.02678,0,1.90019,0,0,0,0.118813,2.38502,0,1.7856,0,0,0
-3.05873,2.02601,0,2.02715,0,0,0,0.120107,2.38469,0,1.78398,0,0,0
-3.0606,2.0258,0,2.02359,0,0,0,0.118217,2.38474,0,1.77852,0,0,0
-3.06144,2.02599,0,2.01737,0,0,0,0.116678,2.38484,0,1.77083,0,0,0
-3.05945,2.02836,0,2.00108,0,0,0,0.114778,2.38543,0,1.75413,0,0,0
-3.05578,2.0412,0,1.95273,0,0,0,0.110041,2.38617,0,1.73568,0,0,0
-3.04132,2.04692,0,1.90137,0,0,0,0.108806,2.38696,0,1.69857,0,0,0
-3.03716,2.04724,0,1.84331,0,0,0,0.105411,2.39017,0,1.64975,0,0,0
-3.03318,2.04953,0,1.6383,0,0,0,0.094049,2.39687,0,1.58132,0,0,0
-3.02634,2.05645,0,1.62965,0,0,0,0.0758511,2.4056,0,1.52558,0,0,0
-3.01938,2.06132,0,1.58491,0,0,0,0.0590957,2.41422,0,1.45569,0,0,0
-3.01363,2.07006,0,1.51382,0,0,0,0.047247,2.42189,0,1.36998,0,0,0
-3.0084,2.08062,0,1.4389,0,0,0,0.0343569,2.43382,0,1.31149,0,0,0
-3.00132,2.0916,0,1.37392,0,0,0,0.0166349,2.44528,0,1.2654,0,0,0
-2.9919,2.09997,0,1.30077,0,0,0,0.00344026,2.45373,0,1.18945,0,0,0
-2.96789,2.11191,0,1.24933,0,0,0,-0.0183547,2.46331,0,1.10905,0,0,0
-2.95143,2.12288,0,1.17684,0,0,0,-0.0351888,2.47423,0,1.03128,0,0,0
-2.92236,2.13005,0,1.12477,0,0,0,-0.063613,2.48825,0,0.940155,0,0,0
-2.89241,2.14254,0,1.05584,0,0,0,-0.10106,2.50225,0,0.871469,0,0,0
-2.85175,2.15258,0,0.990576,0,0,0,-0.165507,2.516,0,0.803698,0,0,0
-2.81758,2.16224,0,0.926443,0,0,0,-0.262161,2.51992,0,0.762895,0,0,0
-2.76684,2.16959,0,0.872436,0,0,0,-0.331763,2.52291,0,0.722317,0,0,0
-2.6995,2.16923,0,0.805943,0,0,0,-0.436654,2.51632,0,0.6721,0,0,0
-2.53653,2.17045,0,0.914799,0,0,0,-0.566556,2.51925,0,0.697593,0,0,0
-2.50303,2.17352,0,0.822405,0,0,0,-0.614352,2.50191,0,0.597303,0,0,0
-2.4308,2.1514,0,0.873244,0,0,0,-0.65561,2.49004,0,0.567331,0,0,0
-2.37408,2.13165,0,0.682371,0,0,0,-0.705658,2.46974,0,0.506343,0,0,0
-2.34399,2.12648,0,0.493734,0,0,0,-0.765674,2.43396,0,0.468108,0,0,0
-2.28229,2.11315,0,0.57027,0,0,0,-0.82311,2.38271,0,0.35223,0,0,0
-2.22071,2.08524,0,0.409606,0,0,0,-0.881033,2.3305,0,0.424046,0,0,0
-2.17452,2.06219,0,0.443895,0,0,0,-0.916661,2.28728,0,0.407539,0,0,0
-2.11993,2.02484,0,0.457704,0,0,0,-0.952461,2.23667,0,0.405209,0,0,0
-2.07062,1.97983,0,0.495833,0,0,0,-0.976337,2.19935,0,0.412602,0,0,0
-2.04339,1.96086,0,0.457645,0,0,0,-1.00119,2.14462,0,0.400155,0,0,0
-2.0079,1.92472,0,0.439554,0,0,0,-1.03668,2.09694,0,0.347289,0,0,0
-1.97635,1.88258,0,0.452559,0,0,0,-1.05687,2.06531,0,0.344231,0,0,0
-1.94903,1.84367,0,0.440043,0,0,0,-1.07718,2.02083,0,0.343236,0,0,0
-1.91487,1.80864,0,0.467932,0,0,0,-1.09187,1.98229,0,0.360629,0,0,0
-1.90516,1.7819,0,0.439557,0,0,0,-1.10062,1.93935,0,0.357108,0,0,0
-1.89119,1.75174,0,0.424837,0,0,0,-1.10944,1.90438,0,0.35718,0,0,0
-1.87292,1.72022,0,0.435926,0,0,0,-1.11546,1.8685,0,0.378481,0,0,0
-1.85204,1.69016,0,0.440519,0,0,0,-1.12253,1.83587,0,0.388495,0,0,0
-1.83674,1.66771,0,0.431661,0,0,0,-1.13125,1.80579,0,0.397251,0,0,0
-1.82131,1.64265,0,0.443116,0,0,0,-1.13823,1.77805,0,0.412445,0,0,0
-1.80838,1.62224,0,0.44991,0,0,0,-1.14721,1.75445,0,0.420044,0,0,0
-1.798,1.60632,0,0.448901,0,0,0,-1.15387,1.73528,0,0.427033,0,0,0
-1.79003,1.58907,0,0.444199,0,0,0,-1.16097,1.71421,0,0.445279,0,0,0
-1.78475,1.57987,0,0.443333,0,0,0,-1.16779,1.69902,0,0.449727,0,0,0
-1.78093,1.5717,0,0.442888,0,0,0,-1.17441,1.68394,0,0.464217,0,0,0
-1.77716,1.5645,0,0.444699,0,0,0,-1.18138,1.67338,0,0.466762,0,0,0
-1.77259,1.55913,0,0.44099,0,0,0,-1.18636,1.66637,0,0.471488,0,0,0
-1.76907,1.55459,0,0.440157,0,0,0,-1.19272,1.65898,0,0.477529,0,0,0
-1.76656,1.55197,0,0.439606,0,0,0,-1.19804,1.65423,0,0.483223,0,0,0
-1.76461,1.55032,0,0.440266,0,0,0,-1.20106,1.65111,0,0.488727,0,0,0
-1.76301,1.54945,0,0.441188,0,0,0,-1.20485,1.64887,0,0.496112,0,0,0
-1.76264,1.54994,0,0.439987,0,0,0,-1.20701,1.64857,0,0.50175,0,0,0
-1.76219,1.55189,0,0.438103,0,0,0,-1.20847,1.64867,0,0.507611,0,0,0
-1.76183,1.55315,0,0.438406,0,0,0,-1.21105,1.6509,0,0.513222,0,0,0
-1.7623,1.55544,0,0.442031,0,0,0,-1.21413,1.65755,0,0.511586,0,0,0
-1.76369,1.56118,0,0.45186,0,0,0,-1.21644,1.67157,0,0.507155,0,0,0
-1.76468,1.57449,0,0.458111,0,0,0,-1.21993,1.69055,0,0.493838,0,0,0
-1.76861,1.58831,0,0.465484,0,0,0,-1.21886,1.71322,0,0.490084,0,0,0
-1.77206,1.61367,0,0.476111,0,0,0,-1.21914,1.75069,0,0.468019,0,0,0
-1.77708,1.63849,0,0.465336,0,0,0,-1.21679,1.78615,0,0.452166,0,0,0
-1.78797,1.66731,0,0.463067,0,0,0,-1.21465,1.81634,0,0.457237,0,0,0
-1.80268,1.70146,0,0.470693,0,0,0,-1.21096,1.85231,0,0.448095,0,0,0
-1.82624,1.74392,0,0.454692,0,0,0,-1.21089,1.88083,0,0.469759,0,0,0
-1.86274,1.79808,0,0.431115,0,0,0,-1.20347,1.92582,0,0.466587,0,0,0
-1.89489,1.84489,0,0.419723,0,0,0,-1.19337,1.9752,0,0.468046,0,0,0
-1.93166,1.90046,0,0.415308,0,0,0,-1.15993,2.08529,0,0.392368,0,0,0
-1.95527,1.98746,0,0.357068,0,0,0,-1.1537,2.10427,0,0.46176,0,0,0
-1.99054,2.04353,0,0.366773,0,0,0,-1.13357,2.17781,0,0.449455,0,0,0
-2.02408,2.08931,0,0.428603,0,0,0,-1.1074,2.24092,0,0.463405,0,0,0
-2.07609,2.14912,0,0.393745,0,0,0,-1.08079,2.29647,0,0.489239,0,0,0
-2.12478,2.20599,0,0.409089,0,0,0,-1.03971,2.38386,0,0.455279,0,0,0
-2.19632,2.25355,0,0.385399,0,0,0,-1.00382,2.43194,0,0.482282,0,0,0
-2.27095,2.30063,0,0.398805,0,0,0,-0.960764,2.4674,0,0.539491,0,0,0
-2.33991,2.32548,0,0.42416,0,0,0,-0.904441,2.49071,0,0.661348,0,0,0
-2.43754,2.3654,0,0.351754,0,0,0,-0.861937,2.51661,0,0.650687,0,0,0
-2.49807,2.38687,0,0.546016,0,0,0,-0.796619,2.55023,0,0.778783,0,0,0
-2.52907,2.38908,0,0.585613,0,0,0,-0.761231,2.5447,0,0.806814,0,0,0
-2.64514,2.3607,0,0.639317,0,0,0,-0.66428,2.57635,0,0.884391,0,0,0
-2.66609,2.35384,0,0.716058,0,0,0,-0.606304,2.56792,0,0.915157,0,0,0
-2.81329,2.33887,0,0.697179,0,0,0,-0.481706,2.59068,0,0.968208,0,0,0
-2.87316,2.33157,0,0.76164,0,0,0,-0.440677,2.58694,0,1.02652,0,0,0
-2.9069,2.31741,0,0.813814,0,0,0,-0.397719,2.57856,0,1.10756,0,0,0
-2.96179,2.30436,0,0.863673,0,0,0,-0.350245,2.57571,0,1.1564,0,0,0
-2.99267,2.28808,0,0.938594,0,0,0,-0.307208,2.56156,0,1.24215,0,0,0
-3.01181,2.2736,0,0.990081,0,0,0,-0.275497,2.55038,0,1.30309,0,0,0
-3.02814,2.25962,0,1.05436,0,0,0,0.0683655,2.57592,0,1.12458,0,0,0
-2.97877,2.19148,0,1.24697,0,0,0,0.072536,2.57433,0,1.20071,0,0,0
-2.97285,2.18866,0,1.33952,0,0,0,0.0796302,2.56899,0,1.26853,0,0,0
-2.96903,2.19087,0,1.40066,0,0,0,0.084216,2.56139,0,1.32674,0,0,0
-3.03638,2.19128,0,1.40985,0,0,0,0.0936583,2.55599,0,1.38988,0,0,0
-3.05252,2.18857,0,1.44141,0,0,0,0.103179,2.54945,0,1.45093,0,0,0
-3.06055,2.18853,0,1.48622,0,0,0,0.117016,2.5438,0,1.4879,0,0,0
-3.06599,2.1862,0,1.71633,0,0,0,0.121884,2.53897,0,1.54334,0,0,0
-3.06079,2.18311,0,1.73522,0,0,0,0.145379,2.53144,0,1.58073,0,0,0
-3.03779,2.17835,0,1.72228,0,0,0,0.156077,2.52702,0,1.62606,0,0,0
-3.01844,2.17094,0,1.95985,0,0,0,0.160427,2.52484,0,1.67237,0,0,0
-3.00258,2.1656,0,2.01167,0,0,0,0.165197,2.52178,0,1.74116,0,0,0
-3.00173,2.16199,0,1.95615,0,0,0,0.162086,2.51899,0,1.78488,0,0,0
-2.9783,2.15031,0,2.17101,0,0,0,0.149831,2.51339,0,2.02033,0,0,0
-2.96291,2.14554,0,2.19208,0,0,0,0.141802,2.5124,0,2.01044,0,0,0
-2.95994,2.14021,0,2.2295,0,0,0,0.128179,2.51086,0,2.03144,0,0,0
-2.96209,2.13666,0,2.26629,0,0,0,0.124616,2.51092,0,2.06853,0,0,0
-2.95471,2.13096,0,2.31167,0,0,0,0.109406,2.51154,0,2.12213,0,0,0
-2.95092,2.12551,0,2.33869,0,0,0,0.102177,2.51038,0,2.14016,0,0,0
-2.94745,2.12533,0,2.34686,0,0,0,0.0998402,2.50999,0,2.14799,0,0,0
-2.95701,2.12713,0,2.3354,0,0,0,0.0994487,2.50998,0,2.14923,0,0,0
-2.95775,2.12597,0,2.31103,0,0,0,0.100271,2.50979,0,2.14494,0,0,0
-2.95763,2.12554,0,2.30315,0,0,0,0.101867,2.51056,0,2.11883,0,0,0
-2.95569,2.12531,0,2.27852,0,0,0,0.114194,2.51474,0,2.04663,0,0,0
-2.96463,2.12962,0,2.21703,0,0,0,0.123683,2.51984,0,1.95764,0,0,0
-2.97132,2.13515,0,1.96823,0,0,0,0.134608,2.52507,0,1.89658,0,0,0
-2.97586,2.14195,0,2.07021,0,0,0,0.136847,2.53174,0,1.73359,0,0,0
-2.98399,2.15046,0,2.02581,0,0,0,0.138319,2.53434,0,1.72513,0,0,0
-2.98566,2.15337,0,1.92977,0,0,0,0.136599,2.53862,0,1.65984,0,0,0
-2.98679,2.15753,0,1.71957,0,0,0,0.129614,2.54059,0,1.56356,0,0,0
-2.9885,2.16185,0,1.56712,0,0,0,0.116928,2.54501,0,1.45716,0,0,0
-2.98721,2.16975,0,1.53875,0,0,0,0.088717,2.55438,0,1.38856,0,0,0
-2.98431,2.17752,0,1.45885,0,0,0,0.0668124,2.56571,0,1.32968,0,0,0
-2.9833,2.18389,0,1.40557,0,0,0,0.0437539,2.57656,0,1.2644,0,0,0
-2.97947,2.19023,0,1.32428,0,0,0,0.0230858,2.5887,0,1.21815,0,0,0
-2.97398,2.19478,0,1.26444,0,0,0,-0.00524306,2.59764,0,1.14882,0,0,0
-2.95762,2.19576,0,1.18192,0,0,0,-0.0339171,2.60868,0,1.08465,0,0,0
-2.93897,2.20053,0,1.11782,0,0,0,-0.0604227,2.61631,0,0.996761,0,0,0
-2.93651,2.20863,0,1.03135,0,0,0,-0.0923861,2.62279,0,0.928397,0,0,0
-2.9231,2.21849,0,0.955862,0,0,0,-0.139639,2.6303,0,0.860258,0,0,0
-2.9004,2.22555,0,0.902774,0,0,0,-0.184483,2.63493,0,0.806204,0,0,0
-2.88237,2.23203,0,0.851066,0,0,0,-0.260931,2.63641,0,0.763859,0,0,0
-2.86107,2.24204,0,0.797173,0,0,0,-0.323012,2.63324,0,0.702644,0,0,0
-2.82814,2.2492,0,0.760897,0,0,0,-0.369802,2.63231,0,0.661984,0,0,0
-2.78943,2.24992,0,0.694139,0,0,0,-0.447947,2.62378,0,0.60941,0,0,0
-2.72883,2.24474,0,0.700277,0,0,0,-0.688985,2.57968,0,0.807683,0,0,0
-2.66597,2.22738,0,0.702057,0,0,0,-0.682901,2.57213,0,0.647055,0,0,0
-2.62019,2.21538,0,0.694674,0,0,0,-0.730091,2.56432,0,0.594871,0,0,0
-2.5202,2.217,0,0.729364,0,0,0,-0.753962,2.5551,0,0.53287,0,0,0
-2.49569,2.21192,0,0.631559,0,0,0,-0.787908,2.5387,0,0.451471,0,0,0
-2.45816,2.19512,0,0.634082,0,0,0,-0.829446,2.51511,0,0.408664,0,0,0
-2.40606,2.16588,0,0.605216,0,0,0,-0.880626,2.47366,0,0.410622,0,0,0
-2.36857,2.13302,0,0.590691,0,0,0,-0.937728,2.40821,0,0.299711,0,0,0
-2.34795,2.12038,0,0.383014,0,0,0,-0.965853,2.37871,0,0.307052,0,0,0
-2.32998,2.09701,0,0.427798,0,0,0,-1.00647,2.32189,0,0.305782,0,0,0
-2.3031,2.06203,0,0.431996,0,0,0,-1.02555,2.27894,0,0.308135,0,0,0
-2.2491,1.99687,0,0.490997,0,0,0,-1.04826,2.22979,0,0.323847,0,0,0
-2.22762,1.98394,0,0.494407,0,0,0,-1.06568,2.18483,0,0.29586,0,0,0
-2.20925,1.96087,0,0.479898,0,0,0,-1.08323,2.14368,0,0.267507,0,0,0
-2.18153,1.93277,0,0.481167,0,0,0,-1.09866,2.10069,0,0.25545,0,0,0
-2.15293,1.9017,0,0.460939,0,0,0,-1.13392,2.03411,0,0.295835,0,0,0
-2.12437,1.8732,0,0.452796,0,0,0,-1.14548,2.00466,0,0.288455,0,0,0
-2.10198,1.84257,0,0.427751,0,0,0,-1.15974,1.96152,0,0.270977,0,0,0
-2.08285,1.82039,0,0.420811,0,0,0,-1.17085,1.92331,0,0.273187,0,0,0
-2.05656,1.78691,0,0.434133,0,0,0,-1.18057,1.88639,0,0.281423,0,0,0
-2.02569,1.7413,0,0.45454,0,0,0,-1.18848,1.85791,0,0.279907,0,0,0
-2.00747,1.70943,0,0.453826,0,0,0,-1.19473,1.82653,0,0.302885,0,0,0
-1.9915,1.68252,0,0.456971,0,0,0,-1.20316,1.79741,0,0.32093,0,0,0
-1.97595,1.65452,0,0.458699,0,0,0,-1.20763,1.77226,0,0.335905,0,0,0
-1.95648,1.62398,0,0.481347,0,0,0,-1.21236,1.74521,0,0.350454,0,0,0
-1.93857,1.60219,0,0.485423,0,0,0,-1.21617,1.72699,0,0.362796,0,0,0
-1.91895,1.57891,0,0.498839,0,0,0,-1.22015,1.70562,0,0.38236,0,0,0
-1.90047,1.55633,0,0.509047,0,0,0,-1.22293,1.68812,0,0.39362,0,0,0
-1.88397,1.54033,0,0.515777,0,0,0,-1.22558,1.67293,0,0.41404,0,0,0
-1.86931,1.52548,0,0.522757,0,0,0,-1.2276,1.66124,0,0.421064,0,0,0
-1.85623,1.51556,0,0.527288,0,0,0,-1.22875,1.65503,0,0.422575,0,0,0
-1.84488,1.5096,0,0.523726,0,0,0,-1.23052,1.64994,0,0.426453,0,0,0
-1.83688,1.50762,0,0.518594,0,0,0,-1.23235,1.6473,0,0.428681,0,0,0
-1.83208,1.50634,0,0.516134,0,0,0,-1.23343,1.64718,0,0.42827,0,0,0
-1.82789,1.50735,0,0.514748,0,0,0,-1.23563,1.64946,0,0.426384,0,0,0
-1.8251,1.51034,0,0.515954,0,0,0,-1.23976,1.65631,0,0.418072,0,0,0
-1.82271,1.516,0,0.518296,0,0,0,-1.24523,1.67157,0,0.402991,0,0,0
-1.81984,1.53237,0,0.511338,0,0,0,-1.25209,1.69185,0,0.397988,0,0,0
-1.82216,1.55015,0,0.511984,0,0,0,-1.2581,1.71417,0,0.391839,0,0,0
-1.83264,1.58856,0,0.501764,0,0,0,-1.26312,1.74546,0,0.383779,0,0,0
-1.846,1.62265,0,0.478965,0,0,0,-1.26451,1.77892,0,0.374971,0,0,0
-1.86607,1.67307,0,0.454027,0,0,0,-1.26058,1.8262,0,0.358262,0,0,0
-1.90037,1.72287,0,0.429654,0,0,0,-1.25561,1.87427,0,0.344244,0,0,0
-1.9332,1.77583,0,0.406042,0,0,0,-1.24417,1.93315,0,0.357628,0,0,0
-1.97426,1.83676,0,0.400758,0,0,0,-1.23177,1.99334,0,0.343376,0,0,0
-2.00804,1.87836,0,0.403443,0,0,0,-1.21382,2.05176,0,0.374972,0,0,0
-2.03536,1.98659,0,0.354547,0,0,0,-1.18931,2.14632,0,0.300923,0,0,0
-2.06771,2.02849,0,0.348265,0,0,0,-1.16982,2.20423,0,0.341946,0,0,0
-2.10532,2.0771,0,0.385679,0,0,0,-1.15003,2.25508,0,0.340156,0,0,0
-2.15023,2.12227,0,0.386994,0,0,0,-1.12633,2.29915,0,0.403793,0,0,0
-2.20842,2.17652,0,0.378665,0,0,0,-1.08923,2.35709,0,0.421601,0,0,0
-2.24453,2.20799,0,0.421172,0,0,0,-1.02881,2.45884,0,0.353947,0,0,0
-2.28066,2.22747,0,0.517493,0,0,0,-0.992255,2.49519,0,0.430109,0,0,0
-2.37012,2.24448,0,0.476328,0,0,0,-0.951105,2.51722,0,0.46364,0,0,0
-2.41476,2.28459,0,0.45496,0,0,0,-0.914678,2.53035,0,0.619444,0,0,0
-2.44261,2.29707,0,0.535381,0,0,0,-0.873124,2.54431,0,0.660935,0,0,0
-2.52709,2.29507,0,0.627116,0,0,0,-0.782972,2.58473,0,0.665051,0,0,0
-2.58082,2.29239,0,0.711742,0,0,0,-0.767787,2.57334,0,0.802318,0,0,0
-2.63768,2.29222,0,0.693924,0,0,0,-0.712888,2.57867,0,0.9176,0,0,0
-2.69964,2.29194,0,0.812377,0,0,0,-0.455418,2.62531,0,0.760831,0,0,0
-2.74571,2.28999,0,0.81562,0,0,0,-0.42668,2.632,0,0.854248,0,0,0
-2.78035,2.28046,0,0.869939,0,0,0,-0.354788,2.63065,0,0.903927,0,0,0
-2.81868,2.27666,0,0.967194,0,0,0,-0.308721,2.62594,0,0.985279,0,0,0
-2.8447,2.26592,0,0.999395,0,0,0,-0.258113,2.62024,0,1.0805,0,0,0
-2.86353,2.25375,0,1.0724,0,0,0,-0.223337,2.61481,0,1.14793,0,0,0
-2.87766,2.24172,0,1.1422,0,0,0,-0.188785,2.61292,0,1.20187,0,0,0
-2.89967,2.23305,0,1.23144,0,0,0,-0.144667,2.61094,0,1.25833,0,0,0
-2.91143,2.22414,0,1.29734,0,0,0,-0.115146,2.60484,0,1.31284,0,0,0
-2.92299,2.21515,0,1.36577,0,0,0,-0.0971981,2.59888,0,1.36932,0,0,0
-2.93164,2.20909,0,1.44285,0,0,0,-0.062559,2.59152,0,1.42645,0,0,0
-2.94898,2.20264,0,1.49955,0,0,0,-0.0379203,2.58103,0,1.47608,0,0,0
-2.92692,2.19624,0,1.58063,0,0,0,-0.0173287,2.5746,0,1.54435,0,0,0
-2.91737,2.18798,0,1.64712,0,0,0,0.0267404,2.56946,0,1.56086,0,0,0
-2.91567,2.17813,0,1.82812,0,0,0,0.0476691,2.56444,0,1.59367,0,0,0
-2.91631,2.1724,0,1.83262,0,0,0,0.0646397,2.55561,0,1.6284,0,0,0
-2.92944,2.16793,0,1.84415,0,0,0,0.0744877,2.547,0,1.6776,0,0,0
-2.93334,2.1593,0,1.88549,0,0,0,0.078673,2.5402,0,1.73337,0,0,0
-2.93314,2.14713,0,1.9371,0,0,0,0.0814223,2.53111,0,1.77609,0,0,0
-2.92246,2.13907,0,2.20349,0,0,0,0.0665095,2.52156,0,1.85961,0,0,0
-2.9108,2.1338,0,2.2155,0,0,0,0.0572355,2.51612,0,2.00893,0,0,0
-2.90096,2.12887,0,2.24573,0,0,0,0.0394094,2.51013,0,2.04392,0,0,0
-2.88287,2.11499,0,2.28767,0,0,0,0.0167446,2.49955,0,2.14428,0,0,0
-2.8801,2.11064,0,2.37254,0,0,0,0.000288437,2.48901,0,2.21735,0,0,0
-2.87665,2.1062,0,2.37401,0,0,0,-0.0139341,2.48852,0,2.30263,0,0,0
-2.85708,2.0911,0,2.38498,0,0,0,-0.0471068,2.4816,0,2.32424,0,0,0
-2.8559,2.09039,0,2.38925,0,0,0,-0.0583096,2.47892,0,2.34214,0,0,0
-2.86428,2.08841,0,2.39131,0,0,0,-0.0589032,2.477,0,2.35208,0,0,0
-2.86355,2.08915,0,2.38998,0,0,0,-0.0563442,2.47345,0,2.34772,0,0,0
-2.86653,2.09087,0,2.38749,0,0,0,-0.0543586,2.47141,0,2.3266,0,0,0
-2.85901,2.09321,0,2.34373,0,0,0,-0.0558682,2.47136,0,2.27432,0,0,0
-2.86391,2.1004,0,2.33514,0,0,0,-0.0542323,2.47218,0,2.18119,0,0,0
-2.86775,2.10677,0,2.29035,0,0,0,-0.0596976,2.47394,0,2.04977,0,0,0
-2.88561,2.11653,0,2.0431,0,0,0,-0.0532394,2.47547,0,2.01885,0,0,0
-2.89558,2.12538,0,2.03499,0,0,0,-0.0530902,2.48085,0,1.93408,0,0,0
-2.88771,2.13241,0,1.97625,0,0,0,-0.0511881,2.48475,0,1.8408,0,0,0
-2.90203,2.14538,0,1.88331,0,0,0,-0.0472895,2.49026,0,1.75128,0,0,0
-2.908,2.14961,0,1.83878,0,0,0,-0.0512304,2.49452,0,1.67402,0,0,0
-2.90742,2.15099,0,1.83776,0,0,0,-0.0548044,2.49671,0,1.59418,0,0,0
-2.90618,2.1517,0,1.81663,0,0,0,-0.0629826,2.50004,0,1.5135,0,0,0
-2.87247,2.19392,0,1.7326,0,0,0,-0.0816859,2.50591,0,1.43821,0,0,0
-2.87152,2.18188,0,1.60557,0,0,0,-0.101942,2.5132,0,1.41092,0,0,0
-2.86774,2.18012,0,1.52586,0,0,0,-0.122314,2.5207,0,1.34884,0,0,0
-2.86516,2.17924,0,1.45171,0,0,0,-0.143028,2.5266,0,1.29554,0,0,0
-2.86367,2.17921,0,1.37182,0,0,0,-0.169376,2.53319,0,1.22562,0,0,0
-2.85841,2.17838,0,1.29459,0,0,0,-0.197464,2.53918,0,1.16864,0,0,0
-2.83644,2.17258,0,1.23801,0,0,0,-0.225908,2.54734,0,1.08987,0,0,0
-2.81635,2.17074,0,1.17041,0,0,0,-0.274271,2.54954,0,1.02157,0,0,0
-2.79429,2.17493,0,1.09978,0,0,0,-0.322719,2.55156,0,0.947982,0,0,0
-2.76838,2.17472,0,1.04668,0,0,0,-0.396892,2.54861,0,0.89368,0,0,0
-2.74146,2.18094,0,0.96113,0,0,0,-0.456943,2.54711,0,0.83983,0,0,0
-2.70907,2.18705,0,0.911515,0,0,0,-0.560261,2.52479,0,0.767151,0,0,0
-2.55148,2.17089,0,0.987425,0,0,0,-0.654511,2.52025,0,0.795902,0,0,0
-2.52858,2.17293,0,0.946709,0,0,0,-0.719912,2.50057,0,0.7255,0,0,0
-2.49717,2.1801,0,0.763984,0,0,0,-0.767184,2.48909,0,0.684251,0,0,0
-2.45625,2.17204,0,0.773357,0,0,0,-0.840276,2.44534,0,0.626354,0,0,0
-2.42402,2.16331,0,0.741466,0,0,0,-0.876974,2.42957,0,0.575453,0,0,0
-2.37271,2.13524,0,0.676227,0,0,0,-0.926544,2.38267,0,0.571609,0,0,0
-2.32599,2.11331,0,0.482637,0,0,0,-0.968732,2.3363,0,0.429033,0,0,0
-2.25788,2.06627,0,0.583242,0,0,0,-0.984669,2.30474,0,0.470326,0,0,0
-2.20978,2.02134,0,0.463927,0,0,0,-1.002,2.2625,0,0.428506,0,0,0
-2.18305,2.00474,0,0.479375,0,0,0,-1.01118,2.2273,0,0.445682,0,0,0
-2.13761,1.96818,0,0.467802,0,0,0,-1.02448,2.18786,0,0.387806,0,0,0
-2.1004,1.94435,0,0.472703,0,0,0,-1.03532,2.14222,0,0.357198,0,0,0
-2.05669,1.90902,0,0.444609,0,0,0,-1.04691,2.09771,0,0.361506,0,0,0
-2.03298,1.88196,0,0.422602,0,0,0,-1.0688,2.05412,0,0.35383,0,0,0
-2.01008,1.8576,0,0.405585,0,0,0,-1.08377,2.01896,0,0.337762,0,0,0
-1.9824,1.83699,0,0.40551,0,0,0,-1.13888,1.94445,0,0.36707,0,0,0
-1.96714,1.81415,0,0.403914,0,0,0,-1.15079,1.92098,0,0.350555,0,0,0
-1.94602,1.78878,0,0.416259,0,0,0,-1.15771,1.89308,0,0.34794,0,0,0
-1.92167,1.76071,0,0.4273,0,0,0,-1.16472,1.85597,0,0.379371,0,0,0
-1.90467,1.74094,0,0.423551,0,0,0,-1.17134,1.8325,0,0.388494,0,0,0
-1.88921,1.72202,0,0.439448,0,0,0,-1.17621,1.81337,0,0.401355,0,0,0
-1.87877,1.70933,0,0.442323,0,0,0,-1.18054,1.79807,0,0.412847,0,0,0
-1.87035,1.69809,0,0.443578,0,0,0,-1.18418,1.78548,0,0.422016,0,0,0
